Date,Symbols,Close,High,Low,Open,Volume
2021-12-14,AAPL.US,174.33,177.74,172.21,175.25,139380382
2021-12-14,GOOGL,2878.14,2889.6,2824.295,2879.36,1922312
2021-12-14,FB,333.74,335.7,327.65,328.05,20461024
2021-12-14,PFE,55.54,55.95,54.316,54.77,48685674
2021-12-14,BNTX,276.77,277.8999,261.01,272.0,2172500
2021-12-14,MRNA,277.16,278.33,257.2005,264.295,6444908
2021-12-14,AMZN,3381.83,3389.98,3328.8,3351.0,2798764
2021-12-13,AAPL.US,175.74,182.13,175.53,181.115,153237019
2021-12-13,GOOGL,2916.53,2959.4,2910.35,2955.63,1353470
2021-12-13,FB,334.49,341.09,329.59,330.95,22948655
2021-12-13,PFE,55.2,55.73,53.44,53.44,54923236
2021-12-13,BNTX,278.22,287.0,264.2,267.1417,4028728
2021-12-13,MRNA,271.99,275.78,256.9711,257.4,10588651
2021-12-13,AMZN,3391.35,3442.0,3382.6,3440.0,3108450
2021-12-10,AAPL.US,179.45,179.63,174.69,175.205,115402731
2021-12-10,GOOGL,2960.03,2979.55,2934.075,2974.0,1223138
2021-12-10,FB,329.75,335.03,326.37,332.555,14527969
2021-12-10,PFE,52.78,52.85,51.11,51.2,26079361
2021-12-10,BNTX,257.68,271.56,252.89,268.72,5059625
2021-12-10,MRNA,257.06,261.966,233.51,235.405,17506624
2021-12-10,AMZN,3444.24,3518.54,3410.0,3508.34,3034488
2021-12-09,AAPL.US,174.56,176.75,173.92,174.91,108923739
2021-12-09,GOOGL,2952.77,2982.0,2942.3001,2951.82,1163486
2021-12-09,FB,329.82,336.13,328.0,329.54,16879168
2021-12-09,PFE,52.08,52.845,51.51,51.51,38325661
2021-12-09,BNTX,284.21,299.0,283.34,298.0595,1979838
2021-12-09,MRNA,272.21,285.71,271.33,285.19,5231820
2021-12-09,AMZN,3483.42,3539.39,3482.79,3515.0,2303091
2021-12-08,AAPL.US,175.08,175.96,170.7,172.125,116998901
2021-12-08,GOOGL,2963.73,2967.86,2928.12,2951.93,1213516
2021-12-08,FB,330.56,332.75,323.07,325.0,19937722
2021-12-08,PFE,51.4,53.08,51.03,52.75,37429199
2021-12-08,BNTX,291.94,312.96,287.23,308.65,3983328
2021-12-08,MRNA,283.4,288.28,272.91,282.38,7107664
2021-12-08,AMZN,3523.16,3543.6,3495.01,3523.01,2262683
2021-12-07,AAPL.US,171.18,171.58,168.34,169.08,120405352
2021-12-07,GOOGL,2945.39,2950.6234,2904.55,2911.93,1612015
2021-12-07,FB,322.81,326.54,321.0,321.57,18794047
2021-12-07,PFE,51.72,52.4999,50.4,51.25,41575442
2021-12-07,BNTX,302.69,302.69,284.54,287.72,3478218
2021-12-07,MRNA,282.35,287.77,263.07,268.14,10767102
2021-12-07,AMZN,3523.29,3549.99,3466.69,3492.0,3320536
2021-12-06,AAPL.US,165.32,167.8799,164.28,164.29,107496982
2021-12-06,GOOGL,2863.1,2877.05,2803.0,2860.81,1530905
2021-12-06,FB,317.87,320.1,306.34,307.99,21758340
2021-12-06,PFE,51.48,53.89,51.25,53.78,53723978
2021-12-06,BNTX,279.83,321.86,276.45,317.57,6780093
2021-12-06,MRNA,265.33,287.4799,256.5601,280.85,19844957
2021-12-06,AMZN,3427.37,3473.91,3338.69,3393.0,3443000
2021-12-03,AAPL.US,161.84,164.96,159.72,164.02,118023116
2021-12-03,GOOGL,2840.03,2888.0,2806.02,2873.62,2061508
2021-12-03,FB,306.84,313.75,299.5,313.73,27471010
2021-12-03,PFE,54.27,54.41,53.102,53.71,37574769
2021-12-03,BNTX,344.06,346.19,328.02,338.0,3325589
2021-12-03,MRNA,306.72,318.7854,293.6,318.09,12700060
2021-12-03,AMZN,3389.79,3469.865,3338.6,3455.0,4035550
2021-12-02,AAPL.US,163.76,164.2,157.8,158.735,136739174
2021-12-02,GOOGL,2859.32,2877.29,2804.29,2825.0,1459742
2021-12-02,FB,310.39,314.6,307.2,311.4,24396169
2021-12-02,PFE,53.04,55.08,52.77,53.82,46361744
2021-12-02,BNTX,333.49,335.0,307.06,311.0,4120080
2021-12-02,MRNA,301.49,318.47,291.03,301.29,15409465
2021-12-02,AMZN,3437.36,3492.7,3423.75,3460.0,3236288
2021-12-01,AAPL.US,164.77,170.3,164.53,167.48,152423003
2021-12-01,GOOGL,2821.03,2919.005,2818.24,2880.0,1702762
2021-12-01,FB,310.6,330.5,310.29,330.29,30384083
2021-12-01,PFE,54.68,55.17,51.86,52.47,59849358
2021-12-01,BNTX,334.48,346.8,330.66,335.65,3712393
2021-12-01,MRNA,310.61,336.3599,310.57,330.0,21597146
2021-12-01,AMZN,3443.72,3559.88,3441.6,3545.0,3756995
2021-11-30,AAPL.US,165.3,165.52,159.92,159.985,174048056
2021-11-30,GOOGL,2837.95,2920.0,2832.03,2900.17,2103361
2021-11-30,FB,324.46,335.81,323.43,335.0,25390008
2021-11-30,PFE,53.73,54.46,51.91,52.31,64598388
2021-11-30,BNTX,351.74,359.27,327.13,335.5967,4732549
2021-11-30,MRNA,352.43,357.6399,337.29,351.58,25159323
2021-11-30,AMZN,3507.07,3585.77,3492.01,3563.5,4001107
2021-11-29,AAPL.US,160.24,161.19,158.7901,159.37,88748217
2021-11-29,GOOGL,2910.61,2925.95,2877.87,2880.0,1629752
2021-11-29,FB,338.03,340.67,335.305,336.89,16650949
2021-11-29,PFE,52.4,55.7,52.11,55.15,72660758
2021-11-29,BNTX,362.52,374.58,346.91,369.5,6067560
2021-11-29,MRNA,368.51,376.65,350.27,370.33,33950627
2021-11-29,AMZN,3561.57,3596.0,3531.5001,3547.6443,3265557
2021-11-26,AAPL.US,156.81,160.45,156.36,159.565,76959752
2021-11-26,GOOGL,2843.66,2891.15,2836.85,2886.97,1523462
2021-11-26,FB,333.12,337.75,331.902,335.795,14750737
2021-11-26,PFE,54.0,54.94,53.25,54.035,66561304
2021-11-26,BNTX,348.0,372.49,335.0353,337.43,11028954
2021-11-26,MRNA,329.63,350.15,313.0,319.34,35901209
2021-11-26,AMZN,3504.56,3633.5,3504.15,3602.095,2991297
2021-11-24,AAPL.US,161.94,162.14,159.64,160.75,69463623
2021-11-24,GOOGL,2922.4,2924.985,2887.46,2909.47,902007
2021-11-24,FB,341.06,341.78,332.81,336.0,13566181
2021-11-24,PFE,50.89,51.33,50.705,51.18,18556753
2021-11-24,BNTX,304.76,306.82,291.85,295.0,2393491
2021-11-24,MRNA,273.39,275.2799,266.3101,273.01,4760232
2021-11-24,AMZN,3580.41,3613.64,3536.85,3562.67,2328018
2021-11-23,AAPL.US,161.41,161.8,159.0601,161.12,96041899
2021-11-23,GOOGL,2915.64,2933.2,2882.3,2923.06,1361558
2021-11-23,FB,337.25,341.3999,333.5,338.93,17224986
2021-11-23,PFE,51.08,51.45,50.3,50.58,24952593
2021-11-23,BNTX,308.84,311.61,291.59,308.2,4346111
2021-11-23,MRNA,276.38,281.98,269.18,277.74,6903880
2021-11-23,AMZN,3580.04,3621.05,3527.71,3585.04,3692246
2021-11-22,AAPL.US,161.02,165.7,161.0,161.68,117467889
2021-11-22,GOOGL,2926.04,2996.59,2922.95,2986.65,1531460
2021-11-22,FB,341.01,353.83,340.51,349.05,27116811
2021-11-22,PFE,51.2,51.47,50.38,50.95,27287943
2021-11-22,BNTX,321.71,322.2,292.45,298.0,5625454
2021-11-22,MRNA,282.69,289.0,264.2,268.07,13852827
2021-11-22,AMZN,3572.57,3713.455,3567.5,3676.3768,4847850
2021-11-19,AAPL.US,160.55,161.02,156.5328,157.65,117305597
2021-11-19,GOOGL,2978.53,3019.33,2977.98,2999.5088,1684969
2021-11-19,FB,345.3,352.1,339.9,342.2,26488541
2021-11-19,PFE,50.8,52.835,50.68,51.96,47966183
2021-11-19,BNTX,289.75,290.01,275.181,277.68,4142918
2021-11-19,MRNA,263.78,274.84,258.09,265.415,15623995
2021-11-19,AMZN,3676.57,3762.145,3675.72,3712.69,4946203
2021-11-18,AAPL.US,157.87,158.67,153.05,153.71,137827673
2021-11-18,GOOGL,2996.77,3011.61,2957.69,2964.83,1781411
2021-11-18,FB,338.69,342.46,335.3,339.72,17487235
2021-11-18,PFE,51.41,51.71,50.61,51.1,32872570
2021-11-18,BNTX,274.06,281.05,265.56,277.2757,2637416
2021-11-18,MRNA,251.41,253.19,243.79,246.12,7395597
2021-11-18,AMZN,3696.06,3704.2,3561.0,3566.35,5703538
2021-11-17,AAPL.US,153.49,155.0,150.99,150.995,88807000
2021-11-17,GOOGL,2960.94,2971.19,2944.8,2960.55,979975
2021-11-17,FB,340.77,347.3,340.1,344.24,13602812
2021-11-17,PFE,50.87,51.09,49.685,49.94,36889765
2021-11-17,BNTX,272.0,272.1485,259.6,263.64,2897272
2021-11-17,MRNA,242.23,249.14,234.57,234.79,8015802
2021-11-17,AMZN,3549.0,3587.245,3545.35,3564.72,2560270
2021-11-16,AAPL.US,151.0,151.488,149.34,149.94,59256210
2021-11-16,GOOGL,2957.52,2975.25,2946.25,2962.99,945200
2021-11-16,FB,342.96,346.65,340.87,343.83,18181106
2021-11-16,PFE,49.6,50.16,48.89,49.47,31297220
2021-11-16,BNTX,258.05,262.38,244.06,247.0404,3291658
2021-11-16,MRNA,234.28,239.99,230.2861,234.01,5331996
2021-11-16,AMZN,3540.7,3576.5,3525.1466,3539.0,2217071
2021-11-15,AAPL.US,150.0,151.88,149.43,150.37,59222803
2021-11-15,GOOGL,2969.04,2990.99,2951.5,2978.01,1175352
2021-11-15,FB,347.56,353.65,343.2,344.34,25076603
2021-11-15,PFE,49.65,50.1,49.37,49.73,27763215
2021-11-15,BNTX,250.48,250.88,239.47,241.72,2629244
2021-11-15,MRNA,235.07,236.6,225.63,230.825,5665206
2021-11-15,AMZN,3545.68,3593.88,3525.81,3537.0,2929719
2021-11-12,AAPL.US,149.99,150.4,147.48,148.43,63804008
2021-11-12,GOOGL,2973.56,2977.0,2908.2201,2932.31,1118000
2021-11-12,FB,340.89,341.86,329.78,330.18,25414311
2021-11-12,PFE,49.73,50.49,49.57,50.42,27780566
2021-11-12,BNTX,238.14,238.33,231.73,233.5,1734745
2021-11-12,MRNA,231.19,232.5599,224.4185,225.86,6831837
2021-11-12,AMZN,3525.15,3540.7262,3447.05,3485.0,2689434
2021-11-11,AAPL.US,147.87,149.43,147.681,148.96,40999950
2021-11-11,GOOGL,2915.33,2950.71,2912.01,2929.79,825874
2021-11-11,FB,327.74,332.459,327.0,329.82,12376563
2021-11-11,PFE,50.18,50.5,48.733,49.23,42370388
2021-11-11,BNTX,235.89,239.79,228.4735,237.44,2266156
2021-11-11,MRNA,225.82,232.27,221.6,227.67,8359368
2021-11-11,AMZN,3472.5,3543.24,3467.47,3513.0,2264406
2021-11-10,AAPL.US,147.92,150.13,147.85,150.02,65187092
2021-11-10,GOOGL,2917.87,2961.4,2890.75,2950.0,1498490
2021-11-10,FB,327.64,333.19,325.51,332.49,21872605
2021-11-10,PFE,49.02,49.21,47.4,47.4,42696195
2021-11-10,BNTX,235.4,244.74,229.65,233.16,4009604
2021-11-10,MRNA,228.96,239.105,225.57,230.1,9118465
2021-11-10,AMZN,3482.05,3605.45,3463.09,3563.87,4027422
2021-11-09,AAPL.US,150.81,151.428,150.0601,150.2,56787930
2021-11-09,GOOGL,2978.37,2996.69,2944.895,2984.66,976487
2021-11-09,FB,335.37,341.3075,334.47,340.0,17556721
2021-11-09,PFE,47.3,48.38,47.15,48.33,29920438
2021-11-09,BNTX,226.37,253.0,223.57,251.66,5541735
2021-11-09,MRNA,236.85,250.57,232.21,246.07,10960266
2021-11-09,AMZN,3576.23,3593.77,3501.425,3515.25,4294922
2021-11-08,AAPL.US,150.44,151.57,150.16,151.41,55020868
2021-11-08,GOOGL,2980.62,3012.295,2968.61,2996.5,1152625
2021-11-08,FB,338.62,344.789,338.34,344.42,18342458
2021-11-08,PFE,48.33,48.785,47.6,48.61,57423266
2021-11-08,BNTX,242.6,243.08,228.62,232.18,4834286
2021-11-08,MRNA,244.68,245.92,233.06,233.06,14606791
2021-11-08,AMZN,3488.98,3579.0,3487.86,3523.24,3073992
2021-11-05,AAPL.US,151.28,152.2,150.06,151.89,65463883
2021-11-05,GOOGL,2977.04,3006.55,2963.94,2983.39,1917737
2021-11-05,FB,341.13,346.79,339.64,340.31,26872817
2021-11-05,PFE,48.61,48.8099,46.55,48.09,173959104
2021-11-05,BNTX,216.64,246.0,207.51,240.47,11684284
2021-11-05,MRNA,236.99,246.1,210.96,241.57,59630296
2021-11-05,AMZN,3518.99,3566.25,3476.98,3477.0,4996951
2021-11-04,AAPL.US,150.74,152.21,150.42,151.36,60482760
2021-11-04,GOOGL,2965.35,2994.67,2926.16,2942.49,1920563
2021-11-04,FB,335.85,337.273,332.65,334.0065,22495281
2021-11-04,PFE,43.85,44.47,43.305,44.29,38172536
2021-11-04,BNTX,273.94,286.0,263.63,283.78,5055911
2021-11-04,MRNA,284.02,297.73,278.0,295.81,30967714
2021-11-04,AMZN,3477.0,3498.625,3365.0001,3370.0,5353020
2021-11-03,AAPL.US,151.27,151.75,149.6,150.17,54591092
2021-11-03,GOOGL,2931.96,2933.38,2891.82,2918.01,1374662
2021-11-03,FB,331.62,332.15,323.2,327.49,20786502
2021-11-03,PFE,44.43,45.59,44.093,45.124,44984569
2021-11-03,BNTX,295.41,296.95,282.78,293.53,2416766
2021-11-03,MRNA,345.92,350.1,336.2,350.0,6447838
2021-11-03,AMZN,3384.0,3394.92,3297.52,3309.0,3397189
2021-11-02,AAPL.US,149.8,151.35,148.43,148.44,69222868
2021-11-02,GOOGL,2908.65,2932.18,2886.71,2891.59,1674112
2021-11-02,FB,328.08,334.7895,323.8,331.38,28352966
2021-11-02,PFE,45.055,45.639,42.675,44.683,69855832
2021-11-02,BNTX,289.48,290.79,276.37,282.08,2469792
2021-11-02,MRNA,348.64,349.45,337.04,338.74,5259391
2021-11-02,AMZN,3312.75,3331.115,3283.55,3315.01,2627590
2021-11-01,AAPL.US,148.74,149.48,147.58,148.77,74697117
2021-11-01,GOOGL,2869.94,2960.92,2864.51,2960.92,2346162
2021-11-01,FB,329.98,333.45,326.0,326.04,31518885
2021-11-01,PFE,43.26,43.905,43.062,43.756,32968389
2021-11-01,BNTX,274.32,282.9,269.235,282.0,1798695
2021-11-01,MRNA,337.17,338.07,320.55,334.99,8662836
2021-11-01,AMZN,3318.11,3375.86,3292.02,3361.8,3608879
2021-10-29,AAPL.US,149.58,149.72,146.2,147.0,125135533
2021-10-29,GOOGL,2960.92,2964.84,2892.99,2901.56,2166015
2021-10-29,FB,323.57,325.9999,319.6,320.19,37059384
2021-10-29,PFE,43.359,43.449,42.482,42.715,30573520
2021-10-29,BNTX,278.73,284.85,273.0,283.75,1462567
2021-10-29,MRNA,345.21,347.7,337.2501,344.47,4459009
2021-10-29,AMZN,3372.43,3374.82,3273.32,3300.02,6486077
2021-10-28,AAPL.US,152.35,152.94,149.5,149.6,100223948
2021-10-28,GOOGL,2916.98,2943.16,2892.535,2942.69,1810319
2021-10-28,FB,316.92,325.52,308.11,312.99,50806840
2021-10-28,PFE,42.804,43.29,42.566,42.576,18181614
2021-10-28,BNTX,283.98,288.71,277.1,282.5,1468457
2021-10-28,MRNA,347.92,353.28,341.54,343.1,4738916
2021-10-28,AMZN,3446.57,3479.0,3386.0,3402.095,5708733
2021-10-27,AAPL.US,148.63,149.51,148.27,149.14,56176798
2021-10-27,GOOGL,2924.35,2973.0,2788.1,2788.1,4289070
2021-10-27,FB,312.22,319.25,312.06,314.19,29971761
2021-10-27,PFE,42.596,43.181,42.309,43.082,22513376
2021-10-27,BNTX,278.77,297.95,277.84,294.54,1914274
2021-10-27,MRNA,340.88,350.64,338.34,344.25,4716018
2021-10-27,AMZN,3392.49,3437.0,3371.4534,3388.0,2702224
2021-10-26,AAPL.US,149.1,150.62,148.79,149.11,60982267
2021-10-26,GOOGL,2786.17,2801.6588,2766.09,2785.27,2461751
2021-10-26,FB,315.81,330.2099,309.6,328.26,65654043
2021-10-26,PFE,43.181,43.379,42.547,42.953,29990008
2021-10-26,BNTX,292.39,304.35,290.63,295.51,2272378
2021-10-26,MRNA,345.74,356.77,341.37,352.0,6673474
2021-10-26,AMZN,3376.07,3416.12,3343.98,3349.51,2698342
2021-10-25,AAPL.US,148.42,149.15,147.41,148.46,50794581
2021-10-25,GOOGL,2748.94,2760.0,2708.48,2751.0,1720613
2021-10-25,FB,328.69,329.56,319.72,320.3,38408957
2021-10-25,PFE,42.775,42.864,42.2,42.824,23046782
2021-10-25,BNTX,294.92,295.51,278.6765,278.6765,2852958
2021-10-25,MRNA,349.56,350.06,323.27,327.36,9772171
2021-10-25,AMZN,3320.37,3347.7997,3297.7,3335.0,2225956
2021-10-22,AAPL.US,148.47,149.96,148.42,149.47,58969381
2021-10-22,GOOGL,2751.33,2811.655,2721.12,2783.0,2529448
2021-10-22,FB,324.61,329.63,321.11,326.345,35224543
2021-10-22,PFE,42.784,42.814,42.259,42.447,17333843
2021-10-22,BNTX,278.34,295.815,268.05,294.78,3558919
2021-10-22,MRNA,326.54,335.75,317.18,332.539,7780241
2021-10-22,AMZN,3335.55,3429.84,3331.3,3421.0,3139053
2021-10-21,AAPL.US,149.26,149.42,147.65,148.59,61510632
2021-10-21,GOOGL,2837.72,2843.12,2810.0,2835.38,1314613
2021-10-21,FB,341.88,342.31,337.8,340.275,16354423
2021-10-21,PFE,42.487,42.715,42.061,42.68,22336686
2021-10-21,BNTX,286.36,286.799,275.03,276.6,2558793
2021-10-21,MRNA,339.57,341.52,333.4001,337.21,5597599
2021-10-21,AMZN,3435.01,3440.28,3403.0,3414.25,1881385
2021-10-20,AAPL.US,149.04,149.54,147.9,148.48,58504048
2021-10-20,GOOGL,2835.38,2870.9218,2827.53,2866.76,1164403
2021-10-20,FB,340.78,343.98,339.4531,343.445,13639465
2021-10-20,PFE,42.428,42.735,41.734,41.753,22988309
2021-10-20,BNTX,269.42,273.97,265.0001,268.73,2029221
2021-10-20,MRNA,333.01,338.6,329.36,334.01,4983222
2021-10-20,AMZN,3415.06,3462.86,3400.37,3452.66,2139777
2021-10-19,AAPL.US,148.54,148.95,146.34,146.79,76490366
2021-10-19,GOOGL,2864.74,2873.25,2852.0,2867.75,1008150
2021-10-19,FB,339.99,342.46,337.28,339.645,18786316
2021-10-19,PFE,41.724,41.833,41.18,41.238,17310413
2021-10-19,BNTX,262.85,282.0,262.0,273.0,3854495
2021-10-19,MRNA,333.61,347.87,331.0101,339.105,8561130
2021-10-19,AMZN,3444.15,3454.69,3422.0,3434.29,2386079
2021-10-18,AAPL.US,146.34,146.63,142.95,143.24,85714090
2021-10-18,GOOGL,2855.56,2855.92,2821.389,2821.53,1019808
2021-10-18,FB,335.34,335.89,327.5,328.95,21585018
2021-10-18,PFE,40.96,41.337,40.683,41.089,21923760
2021-10-18,BNTX,261.09,261.13,245.03,245.34,2011888
2021-10-18,MRNA,334.84,338.54,320.5371,322.26,8753671
2021-10-18,AMZN,3446.74,3449.17,3385.1,3388.3576,3174115
2021-10-15,AAPL.US,144.63,144.68,143.3,143.56,68039491
2021-10-15,GOOGL,2827.36,2834.36,2815.1,2832.29,1513722
2021-10-15,FB,324.76,329.07,322.51,328.68,21596370
2021-10-15,PFE,41.129,41.664,41.02,41.535,23757065
2021-10-15,BNTX,247.68,252.8,245.28,252.8,1654029
2021-10-15,MRNA,324.21,341.5494,318.5,341.01,17239834
2021-10-15,AMZN,3409.02,3410.42,3304.0,3311.42,5179941
2021-10-14,AAPL.US,143.55,143.67,141.3,141.9,70009127
2021-10-14,GOOGL,2823.02,2826.745,2776.5,2789.4761,1596397
2021-10-14,FB,328.53,330.52,327.1,328.355,14302154
2021-10-14,PFE,41.307,41.591,41.154,41.198,17744713
2021-10-14,BNTX,250.33,257.34,249.0,253.13,1710632
2021-10-14,MRNA,331.88,337.36,322.1,329.0,12851338
2021-10-14,AMZN,3299.86,3312.6,3290.78,3302.4541,2112020
2021-10-13,AAPL.US,140.7,141.19,139.0,141.03,78877673
2021-10-13,GOOGL,2751.64,2760.0,2730.3763,2748.05,983116
2021-10-13,FB,324.54,327.0,322.66,326.97,14761470
2021-10-13,PFE,41.06,41.545,40.584,41.387,28453301
2021-10-13,BNTX,249.4,250.98,244.5,247.07,1440038
2021-10-13,MRNA,321.5,327.74,313.3,314.9,12770612
2021-10-13,AMZN,3284.28,3288.38,3261.0889,3269.71,2425086
2021-10-12,AAPL.US,141.3,143.04,140.83,143.02,73142452
2021-10-12,GOOGL,2728.98,2790.14,2715.2,2789.6,1816612
2021-10-12,FB,323.77,324.38,317.37,323.03,31658684
2021-10-12,PFE,41.486,41.843,41.297,41.793,16364692
2021-10-12,BNTX,243.77,248.42,240.13,247.73,1292000
2021-10-12,MRNA,311.13,315.94,301.9101,313.0346,10193213
2021-10-12,AMZN,3247.33,3267.528,3236.28,3257.0,1819571
2021-10-11,AAPL.US,142.6,144.6,141.6,142.06,64546285
2021-10-11,GOOGL,2778.28,2814.24,2777.18,2785.84,897681
2021-10-11,FB,325.45,330.46,325.31,327.625,14708224
2021-10-11,PFE,41.694,42.249,41.644,42.081,12089356
2021-10-11,BNTX,243.02,251.05,240.97,244.0,1244361
2021-10-11,MRNA,305.1,314.11,298.1,299.32,7625781
2021-10-11,AMZN,3246.3,3292.5899,3238.1,3275.0,2034203
2021-10-08,AAPL.US,142.69,143.97,142.35,143.82,58858932
2021-10-08,GOOGL,2795.71,2806.6207,2784.35,2791.54,1326292
2021-10-08,FB,330.05,333.4,328.71,331.51,15946110
2021-10-08,PFE,42.081,42.532,41.972,42.358,12890767
2021-10-08,BNTX,245.95,257.8999,243.2,252.03,1916118
2021-10-08,MRNA,304.91,314.05,297.5404,310.8,10631839
2021-10-08,AMZN,3288.62,3321.43,3288.2,3317.0,1998217
2021-10-07,AAPL.US,143.08,144.0,142.51,142.85,61822753
2021-10-07,GOOGL,2784.5,2800.84,2773.024,2777.84,1255507
2021-10-07,FB,329.22,338.84,328.98,337.0,28307456
2021-10-07,PFE,42.368,42.586,41.843,42.15,19951915
2021-10-07,BNTX,246.57,252.59,232.06,235.8,2585488
2021-10-07,MRNA,309.36,317.3499,293.58,295.46,15790955
2021-10-07,AMZN,3302.43,3325.746,3283.06,3291.54,2409075
2021-10-06,AAPL.US,141.79,141.94,138.17,139.27,83342577
2021-10-06,GOOGL,2751.3,2755.0,2691.0,2695.0,1218214
2021-10-06,FB,333.64,334.38,325.8,329.77,26443010
2021-10-06,PFE,41.654,41.833,41.327,41.694,30751427
2021-10-06,BNTX,236.14,248.54,233.75,246.96,2434175
2021-10-06,MRNA,302.42,325.68,300.62,318.71,17457365
2021-10-06,AMZN,3262.01,3264.34,3198.62,3213.53,2532977
2021-10-05,AAPL.US,140.9,142.03,139.16,139.29,80979076
2021-10-05,GOOGL,2720.46,2744.49,2680.82,2680.82,1620163
2021-10-05,FB,332.96,335.18,326.1638,328.58,35377947
2021-10-05,PFE,41.952,42.418,41.912,42.16,19512341
2021-10-05,BNTX,250.12,258.0,248.92,253.952,2038466
2021-10-05,MRNA,332.11,338.0328,327.2001,331.0,11637491
2021-10-05,AMZN,3221.0,3260.73,3202.464,3204.5,3269208
2021-10-04,AAPL.US,138.94,142.0,138.07,141.55,98465506
2021-10-04,GOOGL,2673.19,2719.21,2621.0,2719.21,2560097
2021-10-04,FB,326.23,335.94,322.7,335.53,42884975
2021-10-04,PFE,42.051,42.968,41.843,42.556,29160285
2021-10-04,BNTX,248.9,252.37,233.5,234.93,3718960
2021-10-04,MRNA,325.84,330.555,305.0,308.88,23331461
2021-10-04,AMZN,3189.78,3279.99,3176.25,3279.39,4523057
2021-10-01,AAPL.US,142.44,142.71,138.91,141.69,94777704
2021-10-01,GOOGL,2730.86,2738.21,2681.46,2688.95,1768009
2021-10-01,FB,343.01,345.02,338.64,341.61,14905311
2021-10-01,PFE,42.556,42.72,41.337,42.15,38820794
2021-10-01,BNTX,254.79,259.24,230.0301,251.0,6885350
2021-10-01,MRNA,341.09,359.115,323.41,358.33,34351288
2021-10-01,AMZN,3283.26,3309.1746,3255.94,3289.01,2835617
2021-09-30,AAPL.US,141.29,144.17,141.07,143.45,89186639
2021-09-30,GOOGL,2673.52,2710.85,2671.12,2685.23,1901440
2021-09-30,FB,339.39,342.8,338.15,340.445,16547094
2021-09-30,PFE,42.636,43.667,42.596,43.409,21297906
2021-09-30,BNTX,272.99,282.5,268.83,278.14,2639207
2021-09-30,MRNA,384.86,390.6,377.1001,381.82,9611512
2021-09-30,AMZN,3285.04,3327.85,3273.99,3316.0,2847033
2021-09-29,AAPL.US,142.62,144.24,141.82,142.26,74710923
2021-09-29,GOOGL,2687.07,2743.02,2677.3,2739.6,1542435
2021-09-29,FB,339.61,345.23,338.88,343.15,14452241
2021-09-29,PFE,43.151,43.31,42.705,42.844,18195569
2021-09-29,BNTX,277.44,292.81,275.58,287.0,2776305
2021-09-29,MRNA,378.9,397.98,375.5543,393.21,11416664
2021-09-29,AMZN,3301.12,3351.3,3297.87,3322.11,2562268
2021-09-28,AAPL.US,141.7,144.54,141.48,143.04,109131381
2021-09-28,GOOGL,2716.6,2781.93,2707.2,2773.1,2288610
2021-09-28,FB,340.65,349.6,338.92,347.97,21710286
2021-09-28,PFE,42.665,42.903,42.061,42.695,28762498
2021-09-28,BNTX,276.52,296.9,275.0,293.7,5854394
2021-09-28,MRNA,384.21,403.2957,376.03,398.56,15935985
2021-09-28,AMZN,3315.96,3369.19,3290.1001,3357.71,4430819
2021-09-27,AAPL.US,145.16,145.75,143.61,145.26,74258950
2021-09-27,GOOGL,2821.44,2838.7699,2801.35,2816.0853,1094098
2021-09-27,FB,353.58,355.15,347.08,349.805,15205843
2021-09-27,PFE,43.191,43.746,43.131,43.538,20131071
2021-09-27,BNTX,307.09,338.5,305.51,335.3614,4089349
2021-09-27,MRNA,408.84,434.0,407.255,430.6008,13348196
2021-09-27,AMZN,3405.8,3415.57,3339.61,3371.5,3634450
2021-09-24,AAPL.US,146.71,147.26,145.35,145.45,53555918
2021-09-24,GOOGL,2844.3,2846.605,2804.82,2810.77,1149195
2021-09-24,FB,352.96,354.35,342.37,343.2387,18801933
2021-09-24,PFE,43.558,44.024,43.429,43.687,16292515
2021-09-24,BNTX,333.48,350.92,332.4,350.0,2603105
2021-09-24,MRNA,430.14,453.61,426.61,448.08,12984587
2021-09-24,AMZN,3425.52,3429.26,3393.4,3402.01,2116241
2021-09-23,AAPL.US,146.62,146.87,145.43,146.44,64932799
2021-09-23,GOOGL,2824.32,2833.93,2808.03,2819.75,1047550
2021-09-23,FB,345.96,349.67,343.0,345.355,21806264
2021-09-23,PFE,43.805,44.33,43.766,43.895,19892258
2021-09-23,BNTX,352.99,360.0,341.44,343.0,2824358
2021-09-23,MRNA,454.6,458.5,438.79,439.7851,9620341
2021-09-23,AMZN,3416.0,3428.96,3380.05,3380.05,2379414
2021-09-22,AAPL.US,145.64,146.22,143.49,144.24,76515851
2021-09-22,GOOGL,2805.67,2817.74,2771.03,2786.08,1252778
2021-09-22,FB,343.21,349.84,340.6901,347.23,43692859
2021-09-22,PFE,43.568,44.004,43.449,43.607,22815269
2021-09-22,BNTX,339.26,344.57,336.69,342.8028,1480023
2021-09-22,MRNA,440.72,443.73,428.6,433.09,9003453
2021-09-22,AMZN,3380.05,3389.0,3341.05,3351.0,2411403
2021-09-21,AAPL.US,143.22,144.39,142.57,143.72,75944639
2021-09-21,GOOGL,2780.66,2800.23,2765.56,2794.99,1266595
2021-09-21,FB,357.48,360.04,355.19,358.5,11751917
2021-09-21,PFE,43.538,44.341,43.468,43.865,23853152
2021-09-21,BNTX,341.35,349.93,337.04,344.77,2455420
2021-09-21,MRNA,434.04,439.59,420.3,424.3,9355333
2021-09-21,AMZN,3343.63,3379.7,3332.39,3375.0,2780878
2021-09-20,AAPL.US,142.73,144.63,141.06,143.59,123659076
2021-09-20,GOOGL,2774.39,2780.0,2726.435,2763.23,2325902
2021-09-20,FB,355.7,361.03,349.8,359.3,19822772
2021-09-20,PFE,43.815,44.261,43.012,43.012,42240570
2021-09-20,BNTX,339.01,353.64,333.36,341.205,3322067
2021-09-20,MRNA,423.33,435.4499,416.511,417.5073,12929376
2021-09-20,AMZN,3355.73,3419.0,3305.01,3396.0,4669130
2021-09-17,AAPL.US,145.85,148.6,145.55,148.6,130058363
2021-09-17,GOOGL,2816.0,2869.0,2809.395,2860.61,2669223
2021-09-17,FB,364.72,371.41,361.59,371.0,26298966
2021-09-17,PFE,43.508,44.073,42.933,43.786,56915938
2021-09-17,BNTX,359.18,370.8,344.81,370.74,5646240
2021-09-17,MRNA,430.05,442.0,406.8704,438.53,30536393
2021-09-17,AMZN,3462.52,3497.41,3452.13,3488.4146,4616556
2021-09-16,AAPL.US,148.57,148.75,147.01,148.22,68133443
2021-09-16,GOOGL,2872.2,2886.0,2848.03,2879.01,1309771
2021-09-16,FB,373.06,373.56,369.71,372.79,11934217
2021-09-16,PFE,44.083,44.599,43.647,44.489,22621005
2021-09-16,BNTX,372.65,374.85,345.0,350.39,4606777
2021-09-16,MRNA,440.65,446.6399,429.0,431.21,10107389
2021-09-16,AMZN,3488.24,3492.55,3446.1432,3459.96,2583598
2021-09-15,AAPL.US,148.81,149.22,146.16,148.34,83402861
2021-09-15,GOOGL,2888.59,2889.01,2826.95,2855.43,1370379
2021-09-15,FB,373.92,377.555,367.67,377.0,17940297
2021-09-15,PFE,44.38,44.97,44.083,44.172,28926330
2021-09-15,BNTX,355.25,357.76,337.5,338.11,4545812
2021-09-15,MRNA,434.46,437.8,422.16,427.455,12893644
2021-09-15,AMZN,3475.79,3485.42,3402.01,3442.52,2957537
2021-09-14,AAPL.US,147.9,150.85,146.7,150.13,109455809
2021-09-14,GOOGL,2850.89,2867.26,2835.0,2859.905,983693
2021-09-14,FB,376.53,378.59,375.11,377.4,8711569
2021-09-14,PFE,44.321,44.866,44.157,44.281,24311765
2021-09-14,BNTX,334.88,345.92,326.03,326.17,2850043
2021-09-14,MRNA,427.71,443.76,418.6331,419.27,14736540
2021-09-14,AMZN,3450.0,3486.806,3437.7104,3475.55,1936897
2021-09-13,AAPL.US,149.33,151.2,148.53,150.41,102553785
2021-09-13,GOOGL,2846.65,2859.0,2825.0,2838.99,1104692
2021-09-13,FB,376.51,381.75,374.3451,381.68,13026275
2021-09-13,PFE,44.192,45.431,43.815,45.342,37411763
2021-09-13,BNTX,327.14,351.91,322.47,348.1908,3963817
2021-09-13,MRNA,419.72,448.8099,415.0,448.0,15664748
2021-09-13,AMZN,3457.17,3497.96,3438.0001,3482.8,2569022
2021-09-10,AAPL.US,148.75,155.25,148.48,154.77,141098864
2021-09-10,GOOGL,2817.52,2894.37,2814.755,2884.25,1841967
2021-09-10,FB,378.69,383.79,378.26,381.361,11549595
2021-09-10,PFE,45.193,45.947,45.114,45.867,20984095
2021-09-10,BNTX,349.19,363.3,347.5,360.0,3037842
2021-09-10,MRNA,449.38,464.85,448.11,463.1565,12604792
2021-09-10,AMZN,3469.15,3508.45,3462.9055,3501.8308,2397269
2021-09-09,AAPL.US,153.85,155.88,153.73,155.26,57389366
2021-09-09,GOOGL,2870.82,2886.21,2863.55,2876.81,765855
2021-09-09,FB,378.0,379.83,376.565,377.64,9098941
2021-09-09,PFE,45.629,46.312,45.451,46.066,21885762
2021-09-09,BNTX,351.38,353.48,336.68,338.29,3210677
2021-09-09,MRNA,455.92,459.42,427.09,429.93,22189564
2021-09-09,AMZN,3484.16,3549.99,3480.37,3526.02,2719241
2021-09-08,AAPL.US,154.88,156.81,153.75,156.75,74528821
2021-09-08,GOOGL,2873.82,2888.0,2860.0,2882.0,917511
2021-09-08,FB,377.57,380.87,374.79,380.16,11067166
2021-09-08,PFE,46.105,46.383,45.848,46.105,15978664
2021-09-08,BNTX,336.24,352.81,335.26,346.21,2354633
2021-09-08,MRNA,422.9,437.17,418.2,433.72,11477788
2021-09-08,AMZN,3525.5,3545.63,3495.67,3511.65,3053364
2021-09-07,AAPL.US,156.46,157.03,154.17,154.74,82398343
2021-09-07,GOOGL,2885.61,2891.3,2872.38,2876.69,1006595
2021-09-07,FB,382.18,382.96,373.15,375.88,10798920
2021-09-07,PFE,46.343,47.087,46.135,46.581,26467157
2021-09-07,BNTX,346.61,347.98,332.2949,334.54,2482234
2021-09-07,MRNA,436.39,438.55,408.96,409.5,15995088
2021-09-07,AMZN,3509.29,3528.09,3476.94,3478.0,2741184
2021-09-03,AAPL.US,154.08,154.4,152.87,153.54,57950520
2021-09-03,GOOGL,2874.79,2883.1,2848.01,2861.61,992718
2021-09-03,FB,376.26,377.16,373.11,374.75,7511356
2021-09-03,PFE,46.432,46.621,45.94,46.492,21017646
2021-09-03,BNTX,334.3,334.31,320.71,328.49,2240824
2021-09-03,MRNA,416.7,416.81,388.68,392.71,13859922
2021-09-03,AMZN,3478.05,3482.67,3436.44,3452.0,2578324
2021-09-02,AAPL.US,153.43,154.49,152.18,153.65,71275189
2021-09-02,GOOGL,2865.74,2910.385,2863.695,2904.32,1617907
2021-09-02,FB,375.28,381.75,374.06,381.5,14838274
2021-09-02,PFE,46.432,46.462,45.729,46.076,26378892
2021-09-02,BNTX,328.53,341.7631,326.66,334.86,2116020
2021-09-02,MRNA,397.66,402.8,390.515,393.13,8909996
2021-09-02,AMZN,3463.12,3511.9608,3455.0,3494.76,2925594
2021-09-01,AAPL.US,152.29,154.75,152.12,152.61,80430926
2021-09-01,GOOGL,2904.31,2925.075,2897.67,2900.0,1096805
2021-09-01,FB,382.05,384.33,378.81,379.59,11567163
2021-09-01,PFE,45.639,45.857,45.025,45.788,33188906
2021-09-01,BNTX,332.5,336.5,326.5,334.25,2632182
2021-09-01,MRNA,389.94,394.98,375.2,382.837,11617304
2021-09-01,AMZN,3479.0,3527.0,3475.24,3496.396,3629911
2021-08-31,AAPL.US,151.61,152.58,151.07,152.44,86579292
2021-08-31,GOOGL,2893.95,2903.425,2885.62,2902.94,1122438
2021-08-31,FB,379.38,382.759,378.8,379.95,12345350
2021-08-31,PFE,45.669,46.73,45.532,46.313,34851089
2021-08-31,BNTX,329.19,349.34,327.1,340.2604,3327466
2021-08-31,MRNA,376.69,384.68,370.5,375.91,10922476
2021-08-31,AMZN,3470.79,3472.58,3395.59,3424.8,4356413
2021-08-30,AAPL.US,152.9,153.27,148.39,148.78,91089471
2021-08-30,GOOGL,2891.81,2919.41,2883.26,2888.0,1221710
2021-08-30,FB,380.66,381.49,370.52,372.56,13547261
2021-08-30,PFE,46.353,46.75,45.758,45.798,26000595
2021-08-30,BNTX,345.0,360.33,342.7893,351.0,3009981
2021-08-30,MRNA,370.69,389.04,362.8001,369.0,15529765
2021-08-30,AMZN,3421.57,3445.0,3355.22,3357.425,3192244
2021-08-27,AAPL.US,148.38,148.53,146.62,147.27,55883830
2021-08-27,GOOGL,2880.08,2890.25,2829.94,2833.05,1439010
2021-08-27,FB,372.63,373.74,364.08,365.1,11219142
2021-08-27,PFE,46.195,47.087,46.125,46.958,33213530
2021-08-27,BNTX,358.48,370.32,354.82,368.79,2332610
2021-08-27,MRNA,382.22,398.98,378.72,398.825,13188484
2021-08-27,AMZN,3349.63,3352.32,3313.75,3333.23,2402369
2021-08-26,AAPL.US,147.32,148.9,147.3,148.15,48668121
2021-08-26,GOOGL,2828.81,2848.35,2827.14,2835.0,1030466
2021-08-26,FB,364.38,369.44,364.13,368.375,7888683
2021-08-26,PFE,46.968,47.741,46.888,47.285,29284131
2021-08-26,BNTX,369.99,377.599,366.01,371.0,1927498
2021-08-26,MRNA,400.3,404.67,392.1525,395.45,8904421
2021-08-26,AMZN,3316.0,3332.0,3296.0,3299.0,2098761
2021-08-25,AAPL.US,148.14,150.1,147.58,149.59,59077393
2021-08-25,GOOGL,2841.58,2843.7897,2827.52,2832.5,792574
2021-08-25,FB,368.39,370.86,365.4,365.6,9684519
2021-08-25,PFE,47.097,47.86,46.522,47.622,51484764
2021-08-25,BNTX,376.03,376.5399,351.0,360.78,2990633
2021-08-25,MRNA,397.87,413.8,387.97,391.7,14427609
2021-08-25,AMZN,3299.18,3321.0,3286.15,3309.87,1680306
2021-08-24,AAPL.US,149.4,150.64,148.93,149.23,48677367
2021-08-24,GOOGL,2825.23,2841.6,2806.77,2812.23,963361
2021-08-24,FB,365.51,367.9559,361.84,363.66,9235148
2021-08-24,PFE,47.959,49.614,47.82,49.307,53085980
2021-08-24,BNTX,368.2,379.9799,354.2,377.33,4767514
2021-08-24,MRNA,394.94,407.5796,387.56,405.69,13957508
2021-08-24,AMZN,3305.78,3315.4942,3274.58,3280.0,2551841
2021-08-23,AAPL.US,149.49,149.97,147.67,148.09,60219570
2021-08-23,GOOGL,2800.83,2817.49,2752.15,2759.39,1422670
2021-08-23,FB,363.35,365.69,359.1,359.44,10942007
2021-08-23,PFE,49.496,50.913,49.168,49.852,89430556
2021-08-23,BNTX,382.1,388.0,370.2,373.5165,6934470
2021-08-23,MRNA,411.89,411.97,385.7716,390.34,15796513
2021-08-23,AMZN,3265.87,3280.9,3210.005,3211.9,3268131
2021-08-20,AAPL.US,147.97,148.28,146.57,147.23,60638000
2021-08-20,GOOGL,2748.59,2751.08,2705.0,2720.0,1559658
2021-08-20,FB,359.37,359.9898,353.31,354.6,8697667
2021-08-20,PFE,48.296,49.297,48.237,48.554,35466152
2021-08-20,BNTX,348.68,356.5,333.0,336.35,3978697
2021-08-20,MRNA,382.98,387.4899,369.26,374.5475,13216681
2021-08-20,AMZN,3199.95,3207.81,3175.76,3203.8725,3358428
2021-08-19,AAPL.US,146.49,147.78,144.29,144.82,87087226
2021-08-19,GOOGL,2713.6,2727.05,2685.0,2688.71,1089127
2021-08-19,FB,355.12,357.57,351.0,351.345,12004535
2021-08-19,PFE,48.375,49.525,47.84,48.078,58248418
2021-08-19,BNTX,331.81,355.3,330.96,348.7,4638911
2021-08-19,MRNA,375.53,394.9199,375.0,385.0,14254720
2021-08-19,AMZN,3187.75,3233.0,3182.4637,3194.02,3782862
2021-08-18,AAPL.US,146.15,150.5,145.94,149.58,86451980
2021-08-18,GOOGL,2708.98,2742.085,2706.43,2730.0,962947
2021-08-18,FB,355.45,359.86,355.15,356.25,10042381
2021-08-18,PFE,48.881,51.409,48.742,49.793,89375680
2021-08-18,BNTX,363.99,374.8,347.03,368.46,4801646
2021-08-18,MRNA,398.8,413.3,386.21,406.5,19121805
2021-08-18,AMZN,3201.22,3254.0975,3200.0,3241.99,2804311
2021-08-17,AAPL.US,149.97,151.46,148.87,150.01,92364341
2021-08-17,GOOGL,2733.23,2765.31,2721.64,2755.0,1085760
2021-08-17,FB,358.45,364.67,355.07,362.98,12328737
2021-08-17,PFE,49.981,50.051,48.286,48.356,69421059
2021-08-17,BNTX,366.27,366.9499,320.0,322.0,8101604
2021-08-17,MRNA,401.86,402.49,358.5501,361.0,25982136
2021-08-17,AMZN,3241.96,3280.49,3225.68,3277.5,3387922
2021-08-16,AAPL.US,150.9,150.97,146.26,148.32,103709923
2021-08-16,GOOGL,2766.19,2767.25,2705.975,2750.4979,1119918
2021-08-16,FB,366.56,366.95,357.38,362.52,11232269
2021-08-16,PFE,48.484,48.544,47.097,47.81,38432503
2021-08-16,BNTX,343.1,369.84,320.05,368.1735,7992458
2021-08-16,MRNA,373.86,379.57,349.0,379.27,23602814
2021-08-16,AMZN,3298.99,3300.0,3211.13,3283.0,3328494
2021-08-13,AAPL.US,148.88,149.23,148.05,148.75,59461665
2021-08-13,GOOGL,2754.55,2757.13,2740.66,2745.0,797372
2021-08-13,FB,363.18,364.6607,361.48,362.97,7195724
2021-08-13,PFE,48.058,48.078,46.908,46.997,35689738
2021-08-13,BNTX,377.32,390.0,367.3,387.14,3690440
2021-08-13,MRNA,389.78,406.32,387.1,405.24,16533667
2021-08-13,AMZN,3293.97,3306.065,3283.0,3305.67,2056699
2021-08-12,AAPL.US,148.67,148.83,145.63,145.98,73886791
2021-08-12,GOOGL,2743.88,2746.0,2708.51,2719.51,825943
2021-08-12,FB,362.65,363.0,357.11,358.45,7175206
2021-08-12,PFE,46.829,46.988,45.937,46.095,29971018
2021-08-12,BNTX,374.02,391.57,356.01,380.0,7270135
2021-08-12,MRNA,391.42,406.3499,377.09,400.0,34345049
2021-08-12,AMZN,3303.5,3314.51,3269.67,3290.0,2323823
2021-08-11,AAPL.US,145.65,146.51,145.32,145.84,48564238
2021-08-11,GOOGL,2725.58,2753.645,2725.43,2743.63,767600
2021-08-11,FB,359.96,362.36,357.81,362.1,8400332
2021-08-11,PFE,45.907,47.662,45.857,47.364,51324791
2021-08-11,BNTX,359.19,418.0,336.2,413.9,14583677
2021-08-11,MRNA,385.33,453.73,372.0,443.57,53882157
2021-08-11,AMZN,3292.11,3337.7,3277.79,3331.4469,2947249
2021-08-10,AAPL.US,145.39,147.49,145.09,146.23,69123818
2021-08-10,GOOGL,2736.14,2755.4461,2727.29,2746.84,970704
2021-08-10,FB,361.13,364.1,359.0435,361.825,7469878
2021-08-10,PFE,47.771,48.147,45.491,45.798,81902079
2021-08-10,BNTX,416.5,464.0,411.37,458.0,8240516
2021-08-10,MRNA,456.76,497.49,454.0,485.5,36503719
2021-08-10,AMZN,3320.68,3358.0,3315.0,3345.01,2412551
2021-08-09,AAPL.US,145.88,146.49,145.31,145.99,48980070
2021-08-09,GOOGL,2738.26,2743.68,2706.785,2718.85,888300
2021-08-09,FB,361.61,365.775,360.75,363.7623,7798872
2021-08-09,PFE,45.58,45.629,44.717,44.717,32658437
2021-08-09,BNTX,447.23,459.88,403.55,408.23,12022601
2021-08-09,MRNA,484.47,493.7565,409.66,411.3014,42269876
2021-08-09,AMZN,3341.87,3354.88,3328.52,3343.61,2148220
2021-08-06,AAPL.US,145.93,146.9,145.42,146.14,54205809
2021-08-06,GOOGL,2714.77,2729.45,2704.2,2720.84,1024406
2021-08-06,FB,363.51,365.15,361.395,361.4,8925017
2021-08-06,PFE,44.678,44.916,44.242,44.698,20592221
2021-08-06,BNTX,389.01,403.15,368.11,396.0,5695188
2021-08-06,MRNA,413.72,419.26,393.61,410.3,18924646
2021-08-06,AMZN,3344.94,3375.0,3329.0373,3375.0,2637644
2021-08-05,AAPL.US,146.63,147.4,145.74,146.55,46535005
2021-08-05,GOOGL,2725.03,2727.0,2696.92,2713.61,893450
2021-08-05,FB,362.97,363.9,356.9,359.64,10247207
2021-08-05,PFE,44.668,44.747,44.311,44.608,23711744
2021-08-05,BNTX,404.92,418.31,375.1,406.5,7334023
2021-08-05,MRNA,416.26,443.99,403.0,409.72,25571509
2021-08-05,AMZN,3375.99,3389.0,3340.92,3356.22,2433503
2021-08-04,AAPL.US,146.52,147.35,145.85,146.84,56535115
2021-08-04,GOOGL,2702.51,2712.99,2689.74,2706.99,983801
2021-08-04,FB,358.92,360.48,351.51,352.42,14180572
2021-08-04,PFE,44.797,45.401,44.618,44.955,43772124
2021-08-04,BNTX,414.44,433.9,353.79,361.0,13700465
2021-08-04,MRNA,419.05,433.0,377.11,385.0,32251618
2021-08-04,AMZN,3354.72,3388.88,3345.56,3379.35,2183945
2021-08-03,AAPL.US,146.93,147.6,144.75,145.38,64978379
2021-08-03,GOOGL,2712.6,2714.64,2666.39,2702.7,1038094
2021-08-03,FB,351.24,353.7699,347.7,352.73,12406054
2021-08-03,PFE,45.283,45.461,43.687,43.786,46043912
2021-08-03,BNTX,351.81,354.08,336.8,341.01,4139851
2021-08-03,MRNA,386.51,386.98,344.5,348.5004,20424075
2021-08-03,AMZN,3366.24,3391.0,3299.77,3340.72,4157343
2021-08-02,AAPL.US,145.09,146.52,144.82,145.93,63066079
2021-08-02,GOOGL,2697.09,2706.73,2675.8828,2702.34,1081710
2021-08-02,FB,351.95,359.4,350.74,358.1,13180439
2021-08-02,PFE,43.577,43.756,42.874,42.923,43444975
2021-08-02,BNTX,340.21,353.64,333.18,345.26,5016335
2021-08-02,MRNA,346.61,365.6,343.2,360.0,13685923
2021-08-02,AMZN,3331.48,3358.92,3317.0,3353.1,3353915
2021-07-30,AAPL.US,145.43,145.9,143.68,143.95,70649122
2021-07-30,GOOGL,2694.53,2706.09,2685.1,2700.7,1278789
2021-07-30,FB,356.3,360.73,352.94,354.0,15976179
2021-07-30,PFE,42.437,42.809,42.319,42.507,24980713
2021-07-30,BNTX,328.35,331.0,308.24,315.01,4033829
2021-07-30,MRNA,353.6,359.9,342.28,346.9,11345689
2021-07-30,AMZN,3327.59,3368.14,3306.98,3347.95,9965593
2021-07-29,AAPL.US,145.21,146.12,144.15,144.26,56867299
2021-07-29,GOOGL,2715.55,2733.2203,2710.86,2723.0,1585786
2021-07-29,FB,358.32,365.52,356.74,361.0,33413244
2021-07-29,PFE,42.418,42.923,42.25,42.854,29269710
2021-07-29,BNTX,312.59,328.7,303.46,327.7926,4094224
2021-07-29,MRNA,345.64,351.2199,336.0,350.64,10100729
2021-07-29,AMZN,3599.92,3637.95,3580.01,3627.75,5519952
2021-07-28,AAPL.US,144.55,146.54,142.12,144.41,119283213
2021-07-28,GOOGL,2721.88,2765.94,2705.55,2726.239,4756530
2021-07-28,FB,373.28,377.5499,366.93,374.56,29676910
2021-07-28,PFE,42.685,42.97,41.507,41.605,54786651
2021-07-28,BNTX,313.45,315.16,282.5,289.0,4880646
2021-07-28,MRNA,349.32,350.99,327.5,333.01,13091567
2021-07-28,AMZN,3630.32,3658.4204,3601.0,3633.78,2999378
2021-07-27,AAPL.US,146.34,148.77,145.12,148.69,105128828
2021-07-27,GOOGL,2638.0,2687.98,2602.08,2685.01,2735474
2021-07-27,FB,367.81,373.15,364.55,371.91,15705447
2021-07-27,PFE,41.359,41.457,40.848,41.084,33127082
2021-07-27,BNTX,284.0,296.46,272.183,293.0,4318824
2021-07-27,MRNA,328.5,344.889,318.29,335.3088,17196688
2021-07-27,AMZN,3626.39,3698.5,3586.15,3698.5,4131890
2021-07-26,AAPL.US,148.55,149.39,147.27,147.83,72648486
2021-07-26,GOOGL,2680.7,2684.74,2646.03,2666.565,1528574
2021-07-26,FB,372.46,374.44,368.22,369.58,14925222
2021-07-26,PFE,41.074,41.202,40.661,40.887,24144960
2021-07-26,BNTX,286.26,297.7299,276.68,289.5,4025303
2021-07-26,MRNA,335.87,362.0,329.15,352.0,23387796
2021-07-26,AMZN,3699.82,3712.08,3647.25,3673.17,2900068
2021-07-23,AAPL.US,148.12,148.28,146.49,147.12,71658892
2021-07-23,GOOGL,2660.3,2667.9799,2596.01,2608.61,2075321
2021-07-23,FB,369.79,375.33,357.19,360.91,33694328
2021-07-23,PFE,40.947,41.094,40.691,40.73,21996329
2021-07-23,BNTX,281.96,292.335,267.03,287.0332,4456557
2021-07-23,MRNA,348.83,349.45,325.17,330.9,23431397
2021-07-23,AMZN,3656.64,3666.11,3622.04,3640.0,2436292
2021-07-22,AAPL.US,146.37,147.75,145.38,145.51,77567068
2021-07-22,GOOGL,2568.43,2569.66,2549.9769,2556.88,715094
2021-07-22,FB,351.19,351.54,345.21,346.68,12385441
2021-07-22,PFE,40.74,40.819,40.18,40.396,19252132
2021-07-22,BNTX,280.98,283.92,264.6,269.56,5589757
2021-07-22,MRNA,323.48,329.6,316.29,319.0,16491283
2021-07-22,AMZN,3638.03,3640.02,3582.27,3587.23,3265352
2021-07-21,AAPL.US,144.97,145.7,144.2,145.1,75215431
2021-07-21,GOOGL,2550.98,2551.92,2520.47,2522.67,1037309
2021-07-21,FB,346.23,346.52,341.25,341.5,9279657
2021-07-21,PFE,40.298,40.514,39.802,40.514,28023424
2021-07-21,BNTX,259.61,261.77,242.07,244.95,5335267
2021-07-21,MRNA,321.11,325.88,293.62,298.51,30859285
2021-07-21,AMZN,3585.2,3586.45,3543.6415,3576.375,2318989
2021-07-20,AAPL.US,145.72,146.67,142.54,143.04,96635220
2021-07-20,GOOGL,2524.19,2540.8636,2487.01,2510.55,1315822
2021-07-20,FB,341.66,343.45,334.5,338.8,11024277
2021-07-20,PFE,40.328,40.976,39.492,39.542,49678435
2021-07-20,BNTX,245.17,252.56,232.84,240.93,6604938
2021-07-20,MRNA,307.33,342.51,292.0,318.22,123115470
2021-07-20,AMZN,3573.19,3592.0,3518.0,3567.32,3255680
2021-07-19,AAPL.US,142.03,143.64,141.25,143.32,121794003
2021-07-19,GOOGL,2491.56,2524.1,2470.1,2521.79,1398379
2021-07-19,FB,336.95,339.79,334.54,337.57,14372345
2021-07-19,PFE,39.444,39.64,38.982,39.364,30352540
2021-07-19,BNTX,242.64,247.31,226.41,228.0,5147325
2021-07-19,MRNA,313.59,317.8796,283.14,284.54,35526769
2021-07-19,AMZN,3549.59,3550.21,3499.16,3532.58,3784595
2021-07-16,AAPL.US,145.96,149.32,145.45,148.02,93527439
2021-07-16,GOOGL,2539.4,2556.23,2523.07,2553.26,1021227
2021-07-16,FB,341.16,345.9899,340.14,344.91,11026093
2021-07-16,PFE,39.64,39.64,39.228,39.434,24705172
2021-07-16,BNTX,231.47,233.2399,222.35,225.08,5050038
2021-07-16,MRNA,286.43,288.88,271.5,276.92,41397251
2021-07-16,AMZN,3573.63,3646.0599,3570.455,3633.31,4043706
2021-07-15,AAPL.US,148.04,149.56,146.66,148.8,107136472
2021-07-15,GOOGL,2540.1,2574.0,2530.6,2572.98,1210940
2021-07-15,FB,344.46,349.2348,340.22,349.2348,14781594
2021-07-15,PFE,39.384,39.482,39.158,39.247,20613578
2021-07-15,BNTX,221.08,222.179,212.08,212.87,2889285
2021-07-15,MRNA,259.675,261.22,245.505,246.66,15130782
2021-07-15,AMZN,3631.2,3695.4,3620.92,3694.2,3185292
2021-07-14,AAPL.US,148.71,149.13,147.25,147.66,127426840
2021-07-14,GOOGL,2564.74,2586.5266,2558.2892,2559.16,1187283
2021-07-14,FB,347.63,355.2,346.73,354.56,13894221
2021-07-14,PFE,39.247,39.321,38.962,39.02,16173192
2021-07-14,BNTX,212.0,214.9,204.68,207.93,1525970
2021-07-14,MRNA,246.66,249.92,237.22,237.245,9420397
2021-07-14,AMZN,3681.68,3717.66,3660.8266,3708.85,3296568
2021-07-13,AAPL.US,145.21,147.03,143.21,143.63,101125535
2021-07-13,GOOGL,2546.83,2561.15,2533.49,2540.77,962347
2021-07-13,FB,352.09,358.49,348.8,351.5,11455963
2021-07-13,PFE,38.952,39.1,38.834,39.07,12441001
2021-07-13,BNTX,207.84,214.43,206.8,214.43,1794644
2021-07-13,MRNA,235.15,239.8195,233.801,239.14,4186383
2021-07-13,AMZN,3677.36,3773.0782,3671.32,3702.1,3845917
2021-07-12,AAPL.US,144.07,145.89,143.57,145.78,76525557
2021-07-12,GOOGL,2539.51,2541.3888,2512.215,2523.56,883389
2021-07-12,FB,353.16,354.19,349.64,351.23,10018624
2021-07-12,PFE,39.06,39.542,38.904,38.962,24952087
2021-07-12,BNTX,215.69,220.36,214.505,217.3734,1091964
2021-07-12,MRNA,239.34,242.389,229.2,230.98,6938180
2021-07-12,AMZN,3718.55,3757.2899,3696.7929,3744.0,2571635
2021-07-09,AAPL.US,144.68,145.22,142.23,142.33,100186465
2021-07-09,GOOGL,2510.37,2514.69,2491.025,2500.5,931584
2021-07-09,FB,350.42,350.71,345.265,345.32,13018694
2021-07-09,PFE,38.912,39.394,38.766,38.834,21965306
2021-07-09,BNTX,217.4,217.6,208.5,216.24,2065349
2021-07-09,MRNA,232.81,233.7999,224.28,231.965,5305101
2021-07-09,AMZN,3719.34,3748.0,3693.3968,3722.52,3748237
2021-07-08,AAPL.US,142.82,143.63,140.25,141.16,105887949
2021-07-08,GOOGL,2500.88,2511.91,2480.44,2480.52,1189467
2021-07-08,FB,345.65,348.33,342.56,345.73,14406457
2021-07-08,PFE,38.56,38.628,38.245,38.314,23433597
2021-07-08,BNTX,207.93,208.7408,194.04,195.67,2013182
2021-07-08,MRNA,232.79,233.41,214.07,215.66,8719363
2021-07-08,AMZN,3731.41,3759.9855,3621.12,3643.56,5180623
2021-07-07,AAPL.US,144.14,144.46,142.24,143.11,105222115
2021-07-07,GOOGL,2529.48,2545.68,2523.06,2543.24,1202951
2021-07-07,FB,350.49,356.49,350.0,355.26,14218866
2021-07-07,PFE,38.658,38.668,38.279,38.53,17981617
2021-07-07,BNTX,205.93,211.6,203.0,211.5,1427263
2021-07-07,MRNA,221.9,231.86,220.8201,231.76,4889299
2021-07-07,AMZN,3696.58,3734.2,3678.91,3717.3772,5328062
2021-07-06,AAPL.US,141.6,142.73,139.66,139.66,108501998
2021-07-06,GOOGL,2523.8,2528.56,2491.6501,2512.97,1320179
2021-07-06,FB,352.78,358.79,349.18,356.5,13488455
2021-07-06,PFE,38.598,38.952,38.353,38.786,19271028
2021-07-06,BNTX,213.5,216.43,209.15,213.4253,2050982
2021-07-06,MRNA,233.34,234.6,225.43,229.62,4956460
2021-07-06,AMZN,3675.74,3685.48,3529.0,3530.11,6744768
2021-07-02,AAPL.US,139.55,139.59,137.34,137.49,79179242
2021-07-02,GOOGL,2505.15,2508.08,2461.19,2463.0,1300109
2021-07-02,FB,354.7,356.44,352.62,355.1,11524614
2021-07-02,PFE,39.03,39.129,38.687,38.766,16893195
2021-07-02,BNTX,224.0,227.0,218.1301,224.89,967823
2021-07-02,MRNA,234.3,238.9,230.14,235.1,4200450
2021-07-02,AMZN,3510.98,3511.72,3436.92,3451.64,3176697
2021-07-01,AAPL.US,136.86,136.92,135.36,136.2,52641133
2021-07-01,GOOGL,2448.89,2451.74,2430.63,2434.5,905641
2021-07-01,FB,354.39,354.6699,346.5,346.82,17137021
2021-07-01,PFE,38.864,38.932,38.422,38.48,20394843
2021-07-01,BNTX,224.0,227.38,220.103,224.5,944420
2021-07-01,MRNA,235.11,236.71,227.67,236.3,5933146
2021-07-01,AMZN,3432.97,3457.0,3409.4206,3434.61,2037053
2021-06-30,AAPL.US,136.56,137.0,135.47,135.77,63448639
2021-06-30,GOOGL,2441.79,2445.14,2427.09,2439.89,1223699
2021-06-30,FB,347.71,352.92,347.17,352.165,15107514
2021-06-30,PFE,38.471,38.579,38.137,38.451,21628715
2021-06-30,BNTX,223.88,230.9899,221.27,228.0,1763867
2021-06-30,MRNA,234.98,245.7,232.41,237.98,9319109
2021-06-30,AMZN,3440.16,3471.6019,3435.0,3441.06,2403992
2021-06-29,AAPL.US,135.93,136.09,133.95,134.4,64747160
2021-06-29,GOOGL,2445.45,2460.415,2433.815,2453.4071,1155436
2021-06-29,FB,351.89,356.74,349.05,356.27,21417305
2021-06-29,PFE,38.412,38.593,38.294,38.442,14776626
2021-06-29,BNTX,228.06,231.97,223.01,226.3,1669930
2021-06-29,MRNA,234.46,238.4,219.33,221.19,11417039
2021-06-29,AMZN,3448.14,3456.03,3423.03,3438.82,2098439
2021-06-28,AAPL.US,134.38,134.84,132.96,133.02,62295145
2021-06-28,GOOGL,2450.72,2455.695,2428.1101,2453.57,1426271
2021-06-28,FB,355.64,358.14,341.77,342.46,29156132
2021-06-28,PFE,38.432,38.52,38.216,38.324,19570110
2021-06-28,BNTX,228.44,233.74,222.75,230.56,1508748
2021-06-28,MRNA,222.94,225.0914,215.6,223.0,6190647
2021-06-28,AMZN,3443.89,3448.0,3413.5098,3416.0,2242793
2021-06-25,AAPL.US,132.72,133.5,132.42,133.07,70993257
2021-06-25,GOOGL,2450.17,2452.66,2431.305,2440.0,1729819
2021-06-25,FB,341.37,344.12,339.68,342.59,14594444
2021-06-25,PFE,38.294,38.711,38.206,38.432,23182337
2021-06-25,BNTX,230.02,231.9,225.63,228.5,1174974
2021-06-25,MRNA,219.94,226.51,216.33,221.26,13315616
2021-06-25,AMZN,3401.46,3464.82,3394.18,3464.0,3940997
2021-06-24,AAPL.US,133.02,134.24,132.54,134.05,68914375
2021-06-24,GOOGL,2450.0,2461.1107,2446.0,2454.0,1068257
2021-06-24,FB,343.18,344.9,341.79,341.85,12329096
2021-06-24,PFE,38.5,38.653,38.392,38.451,13677258
2021-06-24,BNTX,227.79,232.9699,225.81,231.1,1553201
2021-06-24,MRNA,220.14,221.49,213.46,214.38,8171884
2021-06-24,AMZN,3449.08,3524.8599,3430.85,3507.64,3831999
2021-06-23,AAPL.US,133.31,133.92,132.84,133.38,60392427
2021-06-23,GOOGL,2442.54,2461.91,2436.69,2441.87,957708
2021-06-23,FB,340.59,343.4199,338.2,339.35,14817824
2021-06-23,PFE,38.362,38.962,38.289,38.932,22419927
2021-06-23,BNTX,229.5,238.0,219.7001,233.88,2707838
2021-06-23,MRNA,212.04,224.57,205.55,219.98,14558440
2021-06-23,AMZN,3503.82,3521.0,3483.2,3505.0,2813341
2021-06-22,AAPL.US,133.59,133.68,131.23,131.74,75004969
2021-06-22,GOOGL,2446.61,2448.0,2421.28,2435.0,1119510
2021-06-22,FB,339.03,339.92,332.6,332.685,15345299
2021-06-22,PFE,38.912,38.992,38.569,38.716,16262148
2021-06-22,BNTX,236.49,236.5519,227.8,228.2542,2032724
2021-06-22,MRNA,221.36,222.4048,210.2501,210.76,10066344
2021-06-22,AMZN,3505.44,3523.78,3456.09,3458.06,3345082
2021-06-21,AAPL.US,131.91,132.02,128.83,129.92,79899110
2021-06-21,GOOGL,2436.25,2440.0,2397.97,2410.01,1370683
2021-06-21,FB,332.29,332.92,327.65,331.09,11337522
2021-06-21,PFE,38.726,38.786,38.196,38.196,19837171
2021-06-21,BNTX,226.09,226.68,214.77,217.0618,1849836
2021-06-21,MRNA,208.24,211.04,200.0,200.86,7423063
2021-06-21,AMZN,3453.96,3482.0,3434.0,3476.42,3277130
2021-06-18,AAPL.US,130.07,131.12,129.86,130.32,109275798
2021-06-18,GOOGL,2402.22,2432.06,2400.3,2427.34,2305760
2021-06-18,FB,329.66,336.15,329.0,334.53,23039457
2021-06-18,PFE,38.127,38.746,38.019,38.608,38452645
2021-06-18,BNTX,212.42,217.0997,211.52,211.91,2256063
2021-06-18,MRNA,199.19,204.84,194.51,201.3928,6663813
2021-06-18,AMZN,3486.9,3507.0,3473.71,3479.99,5247737
2021-06-17,AAPL.US,131.4,132.16,129.27,129.42,97007954
2021-06-17,GOOGL,2434.87,2450.45,2410.0,2413.95,1292444
2021-06-17,FB,336.51,337.98,330.15,330.49,17794080
2021-06-17,PFE,38.786,38.894,38.382,38.579,19930889
2021-06-17,BNTX,214.2,216.3,208.56,209.9,2107671
2021-06-17,MRNA,202.47,203.9223,197.72,200.0,4955160
2021-06-17,AMZN,3489.24,3497.2,3401.0,3403.18,5136531
2021-06-16,AAPL.US,129.77,130.5,128.08,129.98,92086788
2021-06-16,GOOGL,2415.45,2437.72,2389.4,2431.44,1323593
2021-06-16,FB,331.08,337.55,328.72,336.695,17232157
2021-06-16,PFE,38.608,39.138,38.588,38.922,19521102
2021-06-16,BNTX,203.85,214.97,199.5,211.5,3931637
2021-06-16,MRNA,197.84,203.98,193.2016,200.0,7264747
2021-06-16,AMZN,3415.25,3426.35,3360.53,3392.0,4202782
2021-06-15,AAPL.US,129.26,130.21,129.01,129.56,62932053
2021-06-15,GOOGL,2428.39,2455.51,2421.12,2449.0,1078107
2021-06-15,FB,336.75,339.92,335.03,336.99,15795226
2021-06-15,PFE,38.894,39.138,38.696,39.012,20568862
2021-06-15,BNTX,218.17,224.339,213.12,224.14,2041130
2021-06-15,MRNA,201.59,207.85,199.2,203.49,6786260
2021-06-15,AMZN,3383.13,3396.9866,3363.1101,3384.0,2426200
2021-06-14,AAPL.US,130.09,130.15,126.7,127.44,97193322
2021-06-14,GOOGL,2448.91,2448.92,2418.0,2432.26,1104878
2021-06-14,FB,336.77,336.82,329.81,331.9,12250799
2021-06-14,PFE,38.932,39.364,38.687,39.326,23827688
2021-06-14,BNTX,220.58,240.92,212.4,240.55,4425173
2021-06-14,MRNA,207.41,213.4899,198.0,213.2727,11743700
2021-06-14,AMZN,3383.87,3385.0,3335.5,3346.83,2569655
2021-06-11,AAPL.US,126.97,127.06,125.73,126.16,53680793
2021-06-11,GOOGL,2430.2,2441.72,2418.96,2440.0,1097907
2021-06-11,FB,331.26,332.83,328.93,332.58,13587916
2021-06-11,PFE,39.444,39.954,39.247,39.944,21770058
2021-06-11,BNTX,238.55,239.78,233.61,238.9655,1123089
2021-06-11,MRNA,218.85,218.9,211.8,211.9,5576026
2021-06-11,AMZN,3346.83,3366.58,3333.45,3349.65,2817352
2021-06-10,AAPL.US,125.74,127.81,125.57,126.65,71397125
2021-06-10,GOOGL,2435.13,2436.0,2403.78,2406.92,1295375
2021-06-10,FB,332.46,333.94,328.545,330.785,13240229
2021-06-10,PFE,39.964,40.004,39.188,39.198,43377134
2021-06-10,BNTX,239.82,247.66,231.05,240.0,2853320
2021-06-10,MRNA,217.0,221.88,207.7,216.62,11763149
2021-06-10,AMZN,3349.65,3351.0,3281.15,3282.01,3476480
2021-06-09,AAPL.US,126.76,127.37,126.15,126.83,57046289
2021-06-09,GOOGL,2407.94,2412.88,2396.9,2411.43,897052
2021-06-09,FB,330.25,336.8,330.0,335.74,13727946
2021-06-09,PFE,39.11,39.138,38.294,38.314,30358245
2021-06-09,BNTX,241.49,246.6799,222.8,225.02,3627336
2021-06-09,MRNA,217.44,221.5,212.01,212.3,8016465
2021-06-09,AMZN,3281.15,3297.58,3270.7,3272.87,2455530
2021-06-08,AAPL.US,126.37,128.08,125.84,126.23,74624001
2021-06-08,GOOGL,2398.44,2419.5202,2394.78,2412.01,1211992
2021-06-08,FB,333.68,338.2999,332.24,336.7,14580464
2021-06-08,PFE,38.166,38.422,37.798,38.382,19218538
2021-06-08,BNTX,220.45,240.6038,211.26,238.79,4125123
2021-06-08,MRNA,213.0,222.3449,202.5,220.1,11857625
2021-06-08,AMZN,3264.11,3279.5321,3218.01,3222.61,3416730
2021-06-07,AAPL.US,125.53,125.95,124.47,125.8,71267872
2021-06-07,GOOGL,2402.3,2404.5099,2381.0,2389.436,1205966
2021-06-07,FB,336.58,337.69,328.93,329.48,20136707
2021-06-07,PFE,38.304,38.904,38.284,38.392,24542658
2021-06-07,BNTX,238.15,252.78,237.5,238.56,4361666
2021-06-07,MRNA,219.57,227.71,206.42,207.1026,19034363
2021-06-07,AMZN,3198.01,3208.0,3172.2,3197.33,2215756
2021-06-04,AAPL.US,125.52,125.79,123.48,123.7,75391836
2021-06-04,GOOGL,2393.57,2399.03,2362.41,2369.27,1222910
2021-06-04,FB,330.35,332.455,325.18,325.9,13289383
2021-06-04,PFE,38.461,38.804,38.329,38.362,19722417
2021-06-04,BNTX,233.29,235.0,217.0,218.62,3226782
2021-06-04,MRNA,206.07,207.38,197.33,197.9,11103272
2021-06-04,AMZN,3206.22,3221.0,3198.81,3212.0,2249749
2021-06-03,AAPL.US,123.18,124.48,122.77,124.31,76454800
2021-06-03,GOOGL,2347.58,2357.015,2329.52,2345.73,934796
2021-06-03,FB,326.04,327.375,323.48,325.78,12610788
2021-06-03,PFE,38.284,38.353,37.95,38.078,17687575
2021-06-03,BNTX,215.31,220.9999,213.4,218.3,1527720
2021-06-03,MRNA,195.22,200.0,188.6331,188.89,9270151
2021-06-03,AMZN,3187.01,3214.435,3184.03,3204.23,2398293
2021-06-02,AAPL.US,124.69,124.87,123.68,123.92,59454320
2021-06-02,GOOGL,2370.59,2393.64,2352.355,2389.15,1058146
2021-06-02,FB,329.15,331.87,327.1215,330.38,11654275
2021-06-02,PFE,38.107,38.245,37.862,37.96,19980683
2021-06-02,BNTX,219.4,219.94,205.2,206.26,2823266
2021-06-02,MRNA,191.6,194.5,183.28,183.9,10142521
2021-06-02,AMZN,3233.99,3235.0,3208.0,3223.1,2014524
2021-06-01,AAPL.US,123.91,124.98,123.57,124.71,67837316
2021-06-01,GOOGL,2381.18,2385.71,2354.28,2374.44,1167901
2021-06-01,FB,329.13,331.42,326.64,330.15,11765906
2021-06-01,PFE,37.822,38.314,37.803,38.254,24065974
2021-06-01,BNTX,206.14,209.8,204.48,204.57,1661885
2021-06-01,MRNA,184.66,185.2791,178.8,184.08,6010881
2021-06-01,AMZN,3218.65,3250.98,3209.06,3243.495,2430045
2021-05-28,AAPL.US,124.24,125.43,124.18,125.2,71522181
2021-05-28,GOOGL,2356.85,2376.07,2352.85,2374.42,1074540
2021-05-28,FB,328.73,332.8684,328.33,331.0,12037430
2021-05-28,PFE,38.048,38.334,37.999,38.068,16450479
2021-05-28,BNTX,204.0,208.6,199.1,199.11,2283072
2021-05-28,MRNA,185.01,186.64,178.36,178.6233,8567185
2021-05-28,AMZN,3223.07,3247.99,3219.7,3242.0,2331509
2021-05-27,AAPL.US,124.91,127.26,124.71,126.07,94905682
2021-05-27,GOOGL,2362.68,2389.05,2356.26,2389.05,1761201
2021-05-27,FB,332.75,333.78,326.76,328.0,20477726
2021-05-27,PFE,37.97,38.49,37.921,38.284,39160440
2021-05-27,BNTX,197.7,203.495,196.18,199.05,1324704
2021-05-27,MRNA,179.54,180.0,173.63,174.2,10844891
2021-05-27,AMZN,3230.11,3260.355,3230.04,3256.0,2561157
2021-05-26,AAPL.US,126.48,127.01,126.05,126.59,56743378
2021-05-26,GOOGL,2380.31,2388.99,2366.4625,2366.52,1078598
2021-05-26,FB,327.66,329.8299,325.82,328.35,9686917
2021-05-26,PFE,38.235,38.608,38.098,38.598,28538713
2021-05-26,BNTX,202.37,203.4999,197.507,197.6,1545300
2021-05-26,MRNA,175.59,175.62,168.51,168.7,6885242
2021-05-26,AMZN,3265.16,3295.73,3258.51,3274.5905,2383986
2021-05-25,AAPL.US,126.53,127.94,125.95,127.44,72222622
2021-05-25,GOOGL,2362.87,2384.0,2355.0,2372.0,1121982
2021-05-25,FB,327.79,329.18,324.8,327.08,16436965
2021-05-25,PFE,38.638,39.155,38.55,39.12,26380573
2021-05-25,BNTX,197.5,200.14,193.7,194.46,1444902
2021-05-25,MRNA,169.26,171.74,165.1001,166.56,7759917
2021-05-25,AMZN,3259.05,3279.82,3213.76,3266.67,3261109
2021-05-24,AAPL.US,126.73,127.56,125.57,125.64,63279693
2021-05-24,GOOGL,2361.04,2365.55,2311.955,2314.89,1591610
2021-05-24,FB,324.63,325.95,318.03,318.21,16445356
2021-05-24,PFE,39.11,39.434,39.075,39.374,17225476
2021-05-24,BNTX,194.89,199.988,193.28,197.51,1221964
2021-05-24,MRNA,164.17,166.8,161.01,162.8813,4501276
2021-05-24,AMZN,3244.99,3257.95,3210.4993,3215.5,2422813
2021-05-21,AAPL.US,125.06,127.62,124.84,127.44,79530141
2021-05-21,GOOGL,2294.13,2318.89,2289.3,2317.41,2031590
2021-05-21,FB,316.23,319.93,315.8101,319.29,13600901
2021-05-21,PFE,39.247,39.886,39.208,39.502,21523582
2021-05-21,BNTX,195.69,205.19,195.43,204.13,1525911
2021-05-21,MRNA,161.45,169.28,161.35,168.93,5169131
2021-05-21,AMZN,3203.08,3256.6946,3197.01,3250.0,4104882
2021-05-20,AAPL.US,126.93,127.34,124.73,124.86,77084611
2021-05-20,GOOGL,2306.95,2312.0,2283.52,2291.0,1617550
2021-05-20,FB,318.61,319.25,313.16,313.58,17320241
2021-05-20,PFE,39.414,39.542,39.02,39.03,18954672
2021-05-20,BNTX,203.71,209.02,198.3,199.17,3272909
2021-05-20,MRNA,165.97,166.81,158.89,159.92,4826341
2021-05-20,AMZN,3247.68,3259.6799,3236.18,3244.4042,2633192
2021-05-19,AAPL.US,124.32,124.55,122.5,122.8,92886110
2021-05-19,GOOGL,2271.5,2274.99,2225.44,2228.43,1184205
2021-05-19,FB,313.59,314.66,303.57,304.185,19106244
2021-05-19,PFE,39.129,39.198,38.736,39.198,20571573
2021-05-19,BNTX,199.08,199.24,186.72,190.0,1838114
2021-05-19,MRNA,157.99,160.07,154.51,155.74,3943745
2021-05-19,AMZN,3231.8,3234.75,3184.0,3195.0,2679708
2021-05-18,AAPL.US,124.48,126.62,124.41,126.19,63530416
2021-05-18,GOOGL,2262.47,2307.6818,2262.19,2302.35,1110185
2021-05-18,FB,309.96,316.5,309.81,315.59,14522403
2021-05-18,PFE,39.346,39.635,39.125,39.473,16088677
2021-05-18,BNTX,194.5,197.45,190.25,195.49,1839072
2021-05-18,MRNA,159.53,165.75,157.9,160.16,4811395
2021-05-18,AMZN,3232.28,3312.0,3230.37,3292.575,2828391
2021-05-17,AAPL.US,125.9,126.56,124.8,126.45,74464379
2021-05-17,GOOGL,2288.92,2289.78,2255.5101,2263.57,1079869
2021-05-17,FB,315.46,315.68,311.58,313.55,15401343
2021-05-17,PFE,39.404,39.689,39.306,39.364,18419194
2021-05-17,BNTX,198.3,200.6,191.78,192.74,2024460
2021-05-17,MRNA,160.43,163.37,156.7235,159.0,4231645
2021-05-17,AMZN,3270.39,3292.75,3234.59,3245.93,3723925
2021-05-14,AAPL.US,127.07,127.51,125.48,125.88,82160419
2021-05-14,GOOGL,2278.38,2284.72,2250.0,2258.54,1599829
2021-05-14,FB,315.94,316.85,309.08,309.54,19245724
2021-05-14,PFE,39.316,39.61,39.218,39.532,18364249
2021-05-14,BNTX,192.77,194.77,181.56,183.49,2980550
2021-05-14,MRNA,161.38,162.46,150.4,150.85,6512867
2021-05-14,AMZN,3222.9,3228.86,3183.0,3185.56,3325022
2021-05-13,AAPL.US,124.6,125.78,123.89,124.21,106174677
2021-05-13,GOOGL,2229.04,2239.4375,2206.72,2226.12,1661020
2021-05-13,FB,305.26,308.86,302.7701,306.0833,18079160
2021-05-13,PFE,39.394,39.571,38.804,38.804,25879231
2021-05-13,BNTX,180.79,189.95,172.72,188.3286,3054133
2021-05-13,MRNA,149.87,155.62,146.85,152.6,5765024
2021-05-13,AMZN,3161.47,3203.84,3133.0,3185.47,3356877
2021-05-12,AAPL.US,122.41,124.27,121.89,123.04,112504299
2021-05-12,GOOGL,2200.25,2247.98,2193.62,2226.19,2318774
2021-05-12,FB,302.55,304.96,298.19,301.13,24641010
2021-05-12,PFE,38.992,39.218,38.613,38.746,26678122
2021-05-12,BNTX,186.13,198.189,185.66,196.65,3200873
2021-05-12,MRNA,152.68,158.91,151.15,154.11,5720784
2021-05-12,AMZN,3151.94,3207.94,3133.1,3185.0,4936410
2021-05-11,AAPL.US,125.54,125.9,122.41,123.14,126516194
2021-05-11,GOOGL,2270.06,2280.28,2233.92,2243.07,1709292
2021-05-11,FB,306.53,306.84,299.69,300.75,18920086
2021-05-11,PFE,38.658,39.364,38.54,38.982,31116193
2021-05-11,BNTX,198.02,202.5,185.0,186.61,4662564
2021-05-11,MRNA,158.99,161.99,150.06,151.31,8087399
2021-05-11,AMZN,3223.91,3238.0,3127.37,3136.28,4619781
2021-05-10,AAPL.US,126.48,129.16,126.44,129.03,88331910
2021-05-10,GOOGL,2291.75,2331.0,2284.54,2328.14,1545729
2021-05-10,FB,305.97,314.5786,304.83,314.35,24239170
2021-05-10,PFE,39.158,39.571,39.08,39.129,31384208
2021-05-10,BNTX,202.35,202.95,184.56,200.8,7286868
2021-05-10,MRNA,158.55,164.7599,155.71,164.01,8809685
2021-05-10,AMZN,3190.49,3283.0,3190.0,3282.32,5838603
2021-05-07,AAPL.US,129.83,130.87,129.09,130.46,79207025
2021-05-07,GOOGL,2351.93,2371.25,2346.155,2363.89,1444862
2021-05-07,FB,319.08,322.935,318.75,322.38,15916743
2021-05-07,PFE,38.884,39.163,38.362,38.362,34413405
2021-05-07,BNTX,183.71,185.83,175.4,183.3412,4463142
2021-05-07,MRNA,163.15,169.0196,160.8161,165.78,11952612
2021-05-07,AMZN,3291.61,3330.89,3289.0704,3319.09,4710276
2021-05-06,AAPL.US,129.14,129.15,126.54,127.29,78492685
2021-05-06,GOOGL,2337.35,2337.35,2293.0418,2306.33,1259523
2021-05-06,FB,320.02,320.24,313.275,314.52,19012241
2021-05-06,PFE,38.5,38.54,37.292,37.803,55929253
2021-05-06,BNTX,168.0,171.89,145.0,146.06,9970531
2021-05-06,MRNA,160.5,163.47,143.56,148.0,29662344
2021-05-06,AMZN,3306.37,3314.4,3247.2,3270.0,4447696
2021-05-05,AAPL.US,127.5,129.85,127.37,128.6,84392637
2021-05-05,GOOGL,2314.77,2335.0,2308.28,2328.63,1331809
2021-05-05,FB,315.02,321.06,314.49,318.19,15577605
2021-05-05,PFE,38.884,39.973,37.872,39.088,55867097
2021-05-05,BNTX,170.77,196.076,161.22,185.41,9146816
2021-05-05,MRNA,162.84,180.7,156.81,178.1,18914247
2021-05-05,AMZN,3270.54,3354.695,3264.36,3338.855,3711308
2021-05-04,AAPL.US,127.25,130.88,126.12,130.58,138206250
2021-05-04,GOOGL,2306.83,2324.9899,2256.68,2313.55,2240932
2021-05-04,FB,318.36,322.19,313.12,320.025,24032557
2021-05-04,PFE,38.864,39.078,38.358,38.912,54277697
2021-05-04,BNTX,176.88,213.15,169.3,212.5,12101126
2021-05-04,MRNA,173.59,188.49,171.63,185.3347,16924196
2021-05-04,AMZN,3311.87,3367.975,3272.13,3356.19,5439449
2021-05-03,AAPL.US,131.93,133.45,131.22,131.43,75485492
2021-05-03,GOOGL,2343.08,2381.55,2335.5,2364.91,1412139
2021-05-03,FB,322.58,328.55,321.84,326.17,18719462
2021-05-03,PFE,38.747,38.757,37.901,37.979,47941871
2021-05-03,BNTX,208.9,211.65,196.0,202.25,5707943
2021-05-03,MRNA,186.02,189.0,182.2101,183.9,14631036
2021-05-03,AMZN,3386.49,3486.645,3372.7012,3484.73,5875530
2021-04-30,AAPL.US,130.85,132.94,130.45,131.17,110351701
2021-04-30,GOOGL,2353.5,2381.85,2346.56,2368.02,2242838
2021-04-30,FB,325.08,329.82,324.5,326.1435,26332423
2021-04-30,PFE,37.599,37.837,37.443,37.453,29207174
2021-04-30,BNTX,188.28,193.8499,180.68,183.3,3505815
2021-04-30,MRNA,178.82,184.0,174.52,175.59,9495237
2021-04-30,AMZN,3467.42,3554.0,3462.5,3525.12,7009346
2021-04-29,AAPL.US,132.86,136.44,131.84,135.84,151805610
2021-04-29,GOOGL,2392.76,2404.16,2373.85,2389.23,2061654
2021-04-29,FB,329.51,331.81,321.61,330.12,56526771
2021-04-29,PFE,37.55,37.939,37.264,37.93,24228040
2021-04-29,BNTX,179.65,184.73,177.25,180.58,2072679
2021-04-29,MRNA,175.67,186.8,174.76,183.3265,8362706
2021-04-29,AMZN,3471.31,3514.445,3435.0,3505.0981,7682381
2021-04-28,AAPL.US,132.96,134.39,132.46,133.68,108262635
2021-04-28,GOOGL,2359.04,2431.38,2353.22,2392.4954,4055340
2021-04-28,FB,307.1,310.92,305.37,307.36,33907210
2021-04-28,PFE,37.755,37.881,37.473,37.492,22577076
2021-04-28,BNTX,175.77,177.19,169.3,171.98,1507152
2021-04-28,MRNA,178.68,182.89,176.12,182.37,8375405
2021-04-28,AMZN,3458.5,3489.88,3425.0,3434.8,4631884
2021-04-27,AAPL.US,133.76,134.78,133.49,134.38,66323668
2021-04-27,GOOGL,2290.98,2318.45,2286.16,2317.6326,2219280
2021-04-27,FB,303.57,305.34,301.11,304.28,15309256
2021-04-27,PFE,37.405,37.56,37.308,37.463,19594119
2021-04-27,BNTX,172.84,175.88,169.2638,173.37,2061901
2021-04-27,MRNA,183.41,185.5299,178.18,178.3604,12925677
2021-04-27,AMZN,3417.43,3460.0,3398.01,3443.47,3827140
2021-04-26,AAPL.US,134.09,134.43,132.94,134.2,67217080
2021-04-26,GOOGL,2309.93,2324.53,2297.315,2304.52,1601892
2021-04-26,FB,303.04,305.8,301.56,303.3396,16172593
2021-04-26,PFE,37.629,37.687,37.443,37.677,20325919
2021-04-26,BNTX,174.65,174.77,161.54,167.7913,3087532
2021-04-26,MRNA,177.61,179.6,168.88,171.79,12201731
2021-04-26,AMZN,3409.0,3428.45,3330.94,3348.0,4880708
2021-04-23,AAPL.US,133.69,134.49,131.55,131.55,79124061
2021-04-23,GOOGL,2299.93,2306.1175,2261.25,2267.0,1455554
2021-04-23,FB,301.13,302.59,297.15,298.76,17559498
2021-04-23,PFE,37.609,37.774,37.385,37.58,25071380
2021-04-23,BNTX,173.0,177.65,171.02,174.3373,3108488
2021-04-23,MRNA,173.63,175.51,168.35,170.3046,8855331
2021-04-23,AMZN,3340.88,3375.0,3308.5,3319.1,3196652
2021-04-22,AAPL.US,131.33,133.53,130.8,132.42,84960831
2021-04-22,GOOGL,2252.52,2288.8814,2240.32,2275.4,1207276
2021-04-22,FB,296.52,302.92,296.04,301.33,16375350
2021-04-22,PFE,37.59,38.427,37.468,38.407,34306218
2021-04-22,BNTX,168.95,176.0,164.8,164.99,4728058
2021-04-22,MRNA,168.1,179.0,164.62,168.26,15922383
2021-04-22,AMZN,3309.04,3372.87,3301.45,3371.68,2580590
2021-04-21,AAPL.US,132.88,133.13,130.69,131.75,69168204
2021-04-21,GOOGL,2278.35,2280.0,2244.82,2272.05,1160209
2021-04-21,FB,301.47,301.98,297.39,301.945,14863474
2021-04-21,PFE,38.455,38.591,38.066,38.076,30185580
2021-04-21,BNTX,161.8,162.07,152.12,154.84,2416881
2021-04-21,MRNA,169.5,170.11,157.6901,158.6,11352741
2021-04-21,AMZN,3362.02,3362.86,3303.8061,3316.0,2211166
2021-04-20,AAPL.US,132.49,134.9,131.2,134.39,95254505
2021-04-20,GOOGL,2279.01,2298.9999,2257.12,2297.49,1114416
2021-04-20,FB,302.65,305.1,297.21,301.83,16796442
2021-04-20,PFE,37.969,38.173,37.697,37.697,27198766
2021-04-20,BNTX,156.18,157.3,140.81,145.47,3219473
2021-04-20,MRNA,156.78,162.73,153.27,160.32,7154386
2021-04-20,AMZN,3334.69,3382.99,3316.0,3373.6,2623032
2021-04-19,AAPL.US,134.21,134.84,132.72,132.89,94703815
2021-04-19,GOOGL,2289.76,2304.09,2270.18,2270.18,1514470
2021-04-19,FB,302.24,307.7,300.56,305.007,14553507
2021-04-19,PFE,37.872,37.901,37.289,37.55,31768682
2021-04-19,BNTX,149.48,156.81,146.79,146.9697,3426358
2021-04-19,MRNA,161.91,168.1958,159.6,166.61,10006646
2021-04-19,AMZN,3372.01,3435.9333,3360.16,3390.33,2725405
2021-04-16,AAPL.US,133.54,134.04,132.66,133.67,85318420
2021-04-16,GOOGL,2282.75,2294.24,2270.92,2289.24,1314139
2021-04-16,FB,306.18,308.95,304.61,308.17,13059163
2021-04-16,PFE,37.522,37.648,36.782,36.84,54305772
2021-04-16,BNTX,151.54,152.32,141.49,141.49,4624324
2021-04-16,MRNA,170.81,171.92,158.21,158.68,19044899
2021-04-16,AMZN,3399.44,3406.8,3355.59,3380.0,3186049
2021-04-15,AAPL.US,133.87,134.37,133.02,133.2,89763771
2021-04-15,GOOGL,2285.25,2296.0,2251.17,2261.95,1458749
2021-04-15,FB,307.82,310.14,304.1,306.34,14558273
2021-04-15,PFE,36.578,36.715,36.247,36.247,25642886
2021-04-15,BNTX,140.72,140.79,128.16,130.0,3705488
2021-04-15,MRNA,159.87,163.58,155.23,159.0,10340444
2021-04-15,AMZN,3379.09,3396.9999,3352.0,3371.0,3233580
2021-04-14,AAPL.US,131.42,134.37,131.04,134.31,87629545
2021-04-14,GOOGL,2241.91,2267.43,2236.015,2267.43,1050143
2021-04-14,FB,302.82,308.03,301.95,307.3,17421393
2021-04-14,PFE,36.16,36.364,35.954,36.16,24509168
2021-04-14,BNTX,132.6,132.6,129.2101,130.8,3349408
2021-04-14,MRNA,160.03,160.92,152.49,153.66,15389838
2021-04-14,AMZN,3333.0,3404.13,3326.0,3404.04,3145204
2021-04-13,AAPL.US,133.8,134.03,131.32,131.83,91692165
2021-04-13,GOOGL,2254.43,2263.47,2243.05,2250.99,1284078
2021-04-13,FB,309.76,314.428,309.32,312.21,14036927
2021-04-13,PFE,36.15,36.626,35.887,36.393,34916621
2021-04-13,BNTX,129.64,130.81,124.77,125.0,4187535
2021-04-13,MRNA,149.71,152.11,145.35,146.8,13729029
2021-04-13,AMZN,3400.0,3432.0,3395.63,3400.845,3315837
2021-04-12,AAPL.US,130.63,132.23,130.02,131.91,91846319
2021-04-12,GOOGL,2244.62,2256.885,2227.82,2254.12,1251183
2021-04-12,FB,311.54,312.15,307.93,311.05,10881935
2021-04-12,PFE,35.964,36.029,35.343,35.488,30781696
2021-04-12,BNTX,121.52,122.25,118.29,120.55,1620218
2021-04-12,MRNA,139.4,143.49,136.36,142.37,6060181
2021-04-12,AMZN,3379.39,3395.04,3351.15,3355.21,3281798
2021-04-09,AAPL.US,132.38,132.42,128.87,129.2,107184236
2021-04-09,GOOGL,2270.67,2273.97,2237.255,2245.44,1307265
2021-04-09,FB,312.46,314.74,310.33,311.4,15988568
2021-04-09,PFE,35.605,35.81,34.924,34.924,32572181
2021-04-09,BNTX,122.14,123.5,114.72,114.95,4192602
2021-04-09,MRNA,140.92,144.0,133.34,133.51,9918176
2021-04-09,AMZN,3372.2,3372.2,3288.9,3304.7,4341473
2021-04-08,AAPL.US,129.76,129.79,127.92,128.35,89258918
2021-04-08,GOOGL,2250.43,2271.7899,2243.01,2264.0,1433214
2021-04-08,FB,313.02,315.88,310.05,314.85,20894148
2021-04-08,PFE,34.982,35.167,34.895,34.972,18636058
2021-04-08,BNTX,114.49,116.3,112.5,113.27,1001685
2021-04-08,MRNA,133.88,135.9,132.06,132.85,4530017
2021-04-08,AMZN,3299.3,3324.5,3292.0,3310.9,2812090
2021-04-07,AAPL.US,127.3,127.32,124.56,125.25,83855963
2021-04-07,GOOGL,2239.03,2244.5,2213.1,2213.1,1206696
2021-04-07,FB,313.09,314.25,305.5,306.34,22855241
2021-04-07,PFE,34.934,35.255,34.788,35.05,22546762
2021-04-07,BNTX,113.32,116.25,112.22,115.76,1150952
2021-04-07,MRNA,131.47,135.16,130.21,132.37,4380038
2021-04-07,AMZN,3279.39,3303.6125,3223.65,3233.8,3346227
2021-04-06,AAPL.US,125.63,126.54,125.07,125.92,80545131
2021-04-06,GOOGL,2209.26,2228.0,2201.79,2210.92,1762039
2021-04-06,FB,306.26,311.35,305.25,308.8365,17335246
2021-04-06,PFE,35.07,35.41,35.022,35.274,21302025
2021-04-06,BNTX,117.15,117.75,114.1687,115.69,1523023
2021-04-06,MRNA,133.53,138.2494,128.16,130.11,7438195
2021-04-06,AMZN,3223.82,3247.31,3217.04,3223.75,2537809
2021-04-05,AAPL.US,125.32,125.58,122.5,123.3,89064598
2021-04-05,GOOGL,2218.96,2228.99,2145.205,2147.15,2425480
2021-04-05,FB,308.91,310.765,300.68,300.89,28237006
2021-04-05,PFE,35.294,35.576,35.119,35.449,22714380
2021-04-05,BNTX,115.37,115.87,110.0,114.01,1385304
2021-04-05,MRNA,129.91,133.1925,127.04,132.6,5218269
2021-04-05,AMZN,3226.73,3235.955,3161.24,3173.0,3334882
2021-04-01,AAPL.US,122.43,123.6,121.92,123.09,75439312
2021-04-01,GOOGL,2129.78,2135.75,2091.43,2092.25,1994005
2021-04-01,FB,298.66,302.4,296.6,298.4,17615980
2021-04-01,PFE,35.313,35.459,35.041,35.313,21915626
2021-04-01,BNTX,113.87,114.08,110.5,110.51,2020658
2021-04-01,MRNA,132.55,136.6372,130.34,132.2,7269665
2021-04-01,AMZN,3161.0,3162.44,3115.55,3117.94,2940318
2021-03-31,AAPL.US,121.58,122.95,120.58,121.08,118875627
2021-03-31,GOOGL,2062.52,2086.26,2047.0,2054.4,2128482
2021-03-31,FB,294.53,296.5,288.61,289.99,19498157
2021-03-31,PFE,35.245,35.44,35.064,35.167,27325533
2021-03-31,BNTX,109.19,111.0,107.1,109.4672,2178907
2021-03-31,MRNA,130.95,131.8,119.328,121.1,10015691
2021-03-31,AMZN,3094.08,3119.33,3062.5,3064.06,3093896
2021-03-30,AAPL.US,119.35,119.85,118.31,119.56,86071449
2021-03-30,GOOGL,2046.47,2062.67,2036.15,2052.98,1365856
2021-03-30,FB,288.0,292.47,286.7,289.83,17474537
2021-03-30,PFE,35.129,35.634,35.041,35.596,27038330
2021-03-30,BNTX,104.44,106.4763,98.6,99.8,3463988
2021-03-30,MRNA,118.49,123.5977,117.3411,123.15,11061638
2021-03-30,AMZN,3055.29,3073.0,3034.0,3070.01,2337603
2021-03-29,AAPL.US,120.82,122.01,120.17,121.08,81196102
2021-03-29,GOOGL,2045.79,2049.21,2005.45,2022.16,1324631
2021-03-29,FB,290.82,293.18,284.7,285.77,21718831
2021-03-29,PFE,35.625,35.741,34.924,35.05,27759406
2021-03-29,BNTX,95.91,98.87,93.76,97.54,1066219
2021-03-29,MRNA,123.42,131.3,121.9,130.11,10814820
2021-03-29,AMZN,3075.73,3091.25,3028.445,3055.4394,2745968
2021-03-26,AAPL.US,120.64,120.91,118.37,119.8,94509934
2021-03-26,GOOGL,2024.73,2039.385,2003.85,2031.79,1398875
2021-03-26,FB,283.02,284.5,277.77,278.3018,17629185
2021-03-26,PFE,35.264,35.303,34.671,34.71,28725351
2021-03-26,BNTX,95.76,97.54,93.82,97.5,910425
2021-03-26,MRNA,133.28,135.6,128.02,133.38,4047117
2021-03-26,AMZN,3052.03,3056.66,2996.0,3044.06,3312924
2021-03-25,AAPL.US,120.03,121.09,118.45,118.99,99305643
2021-03-25,GOOGL,2032.46,2045.64,1996.09,2029.05,1780787
2021-03-25,FB,278.74,288.06,277.75,280.98,24505648
2021-03-25,PFE,34.7,34.817,34.292,34.681,25570430
2021-03-25,BNTX,95.13,97.45,92.931,94.1,1299397
2021-03-25,MRNA,133.33,134.31,126.42,127.33,5696322
2021-03-25,AMZN,3046.26,3109.78,3037.14,3072.99,3563469
2021-03-24,AAPL.US,119.54,122.33,119.51,122.25,88943346
2021-03-24,GOOGL,2032.53,2067.6,2029.0001,2051.76,1260853
2021-03-24,FB,282.14,291.72,281.16,290.93,18675046
2021-03-24,PFE,34.642,34.953,34.409,34.516,23522855
2021-03-24,BNTX,94.05,101.48,93.39,100.24,2204066
2021-03-24,MRNA,131.61,137.74,131.01,137.25,5864615
2021-03-24,AMZN,3087.07,3160.31,3085.15,3151.04,2958981
2021-03-23,AAPL.US,121.97,123.66,121.57,122.76,95912353
2021-03-23,GOOGL,2041.33,2064.11,2028.0001,2039.95,1425456
2021-03-23,FB,290.63,298.0,289.81,293.15,23000929
2021-03-23,PFE,34.399,34.953,34.359,34.846,28752101
2021-03-23,BNTX,100.11,107.35,100.11,107.33,1210442
2021-03-23,MRNA,136.52,146.19,136.38,145.61,6961240
2021-03-23,AMZN,3137.5,3182.0,3120.8501,3127.0,3817263
2021-03-22,AAPL.US,122.82,123.3,119.71,119.78,112434186
2021-03-22,GOOGL,2030.69,2048.34,2014.0,2027.63,1676771
2021-03-22,FB,293.54,299.705,286.7501,290.45,28273073
2021-03-22,PFE,35.022,35.031,34.399,34.516,26138015
2021-03-22,BNTX,107.0,108.7,106.32,106.63,631796
2021-03-22,MRNA,145.6,147.9199,141.85,144.19,6050730
2021-03-22,AMZN,3110.87,3126.58,3060.05,3067.85,2902179
2021-03-19,AAPL.US,119.44,120.86,119.12,119.35,186414831
2021-03-19,GOOGL,2026.96,2037.04,2002.93,2029.73,2303596
2021-03-19,FB,290.11,292.8,281.195,281.22,38930536
2021-03-19,PFE,34.564,34.846,34.51,34.778,49699962
2021-03-19,BNTX,107.59,107.8,102.82,104.5,1145587
2021-03-19,MRNA,143.74,145.18,138.53,143.06,6933748
2021-03-19,AMZN,3074.96,3077.285,3016.63,3029.23,4625354
2021-03-18,AAPL.US,119.97,122.61,119.77,122.31,122036228
2021-03-18,GOOGL,2021.34,2068.746,2019.18,2048.18,1585648
2021-03-18,FB,278.62,285.1899,278.28,279.87,18754853
2021-03-18,PFE,34.798,34.992,34.554,34.564,25420826
2021-03-18,BNTX,103.65,104.91,103.03,104.39,701024
2021-03-18,MRNA,141.46,147.61,140.86,144.45,7144867
2021-03-18,AMZN,3027.99,3116.63,3025.0,3101.0,3657027
2021-03-17,AAPL.US,124.18,125.28,121.77,123.47,112454633
2021-03-17,GOOGL,2082.22,2099.0,2044.1218,2068.47,1319126
2021-03-17,FB,284.01,286.23,275.41,275.705,21315044
2021-03-17,PFE,34.817,34.982,34.165,34.856,43728841
2021-03-17,BNTX,106.66,107.8,102.8,105.74,920698
2021-03-17,MRNA,147.55,152.0831,143.2501,150.25,12894891
2021-03-17,AMZN,3135.73,3173.05,3070.22,3073.22,3118584
2021-03-16,AAPL.US,124.99,126.63,124.13,125.12,115765300
2021-03-16,GOOGL,2083.89,2113.68,2059.29,2065.99,1595015
2021-03-16,FB,279.28,282.14,274.8,276.085,22437665
2021-03-16,PFE,34.856,34.885,34.349,34.506,25721630
2021-03-16,BNTX,108.1,110.98,104.7,109.258,1377287
2021-03-16,MRNA,156.02,157.75,145.84,148.5,16991621
2021-03-16,AMZN,3091.86,3128.91,3075.8601,3104.97,2538764
2021-03-15,AAPL.US,123.41,123.42,119.87,120.84,93022350
2021-03-15,GOOGL,2054.44,2054.99,2027.79,2044.975,1310741
2021-03-15,FB,273.75,275.96,268.5,269.08,16856746
2021-03-15,PFE,34.447,34.466,34.009,34.058,22538765
2021-03-15,BNTX,107.88,108.15,102.0415,103.99,1367088
2021-03-15,MRNA,143.66,143.85,135.01,136.77,7361627
2021-03-15,AMZN,3081.68,3082.24,3032.09,3074.57,2918592
2021-03-12,AAPL.US,120.46,120.6,118.61,119.85,88515927
2021-03-12,GOOGL,2050.0,2077.61,2032.42,2076.41,1690899
2021-03-12,FB,268.4,269.74,264.02,269.14,20600198
2021-03-12,PFE,33.99,34.029,33.571,33.621,16799118
2021-03-12,BNTX,103.28,103.28,99.01,99.34,788566
2021-03-12,MRNA,136.99,138.7424,133.2,134.04,4923074
2021-03-12,AMZN,3089.49,3098.98,3045.5,3075.0,2421888
2021-03-11,AAPL.US,121.39,122.64,120.69,121.97,103506978
2021-03-11,GOOGL,2100.54,2111.27,2056.45,2058.22,1385130
2021-03-11,FB,273.88,277.9,267.82,268.11,21833979
2021-03-11,PFE,33.766,34.165,33.718,34.117,25244118
2021-03-11,BNTX,102.6,103.0,100.24,100.5,1062040
2021-03-11,MRNA,140.47,140.85,131.48,132.9818,8140123
2021-03-11,AMZN,3113.59,3131.7843,3082.93,3104.01,2776391
2021-03-10,AAPL.US,119.43,121.6,118.9,121.12,112465373
2021-03-10,GOOGL,2036.19,2061.4,2019.33,2061.4,1355004
2021-03-10,FB,264.9,268.97,262.87,268.64,14210318
2021-03-10,PFE,33.981,34.185,33.581,33.698,34437974
2021-03-10,BNTX,98.02,101.99,97.08,100.787,1376795
2021-03-10,MRNA,129.75,135.715,128.7932,133.62,5555909
2021-03-10,AMZN,3057.64,3116.46,3030.05,3098.45,3012489
2021-03-09,AAPL.US,120.52,121.49,118.24,118.48,130129822
2021-03-09,GOOGL,2040.36,2063.9153,2035.6,2049.75,1696031
2021-03-09,FB,265.74,268.53,259.81,261.175,22039740
2021-03-09,PFE,33.514,33.902,33.504,33.601,25870377
2021-03-09,BNTX,96.48,97.93,93.57,94.11,1315883
2021-03-09,MRNA,130.87,132.3,125.6,127.11,7834221
2021-03-09,AMZN,3062.85,3090.96,3005.1474,3017.99,4030032
2021-03-08,AAPL.US,115.82,120.43,115.67,120.36,155096543
2021-03-08,GOOGL,2007.5,2113.74,2005.19,2084.06,1843371
2021-03-08,FB,255.31,265.58,255.05,265.55,18391768
2021-03-08,PFE,33.417,33.922,33.397,33.544,25032810
2021-03-08,BNTX,90.29,95.7,90.29,94.83,1521368
2021-03-08,MRNA,123.47,133.55,122.48,129.15,6839340
2021-03-08,AMZN,2951.95,3064.59,2951.31,3015.0,4185008
2021-03-05,AAPL.US,120.85,121.37,117.02,120.41,154483690
2021-03-05,GOOGL,2097.07,2106.2,2027.7773,2061.15,2654977
2021-03-05,FB,264.28,265.45,255.61,260.67,26820055
2021-03-05,PFE,33.454,33.611,33.032,33.357,31444751
2021-03-05,BNTX,96.2,96.84,91.22,95.68,1693619
2021-03-05,MRNA,132.19,134.27,121.12,133.0732,12039641
2021-03-05,AMZN,3000.46,3009.0,2881.0001,3005.0,5388551
2021-03-04,AAPL.US,119.58,123.03,118.07,121.18,178985798
2021-03-04,GOOGL,2033.93,2074.59,2005.43,2014.869,2460786
2021-03-04,FB,257.64,266.49,253.5,256.47,31626463
2021-03-04,PFE,33.27,34.131,32.92,33.328,46719623
2021-03-04,BNTX,95.15,100.9059,92.51,97.4,2335106
2021-03-04,MRNA,132.3,135.47,126.69,128.7,10929537
2021-03-04,AMZN,2977.57,3058.13,2945.43,3012.0,5481578
2021-03-03,AAPL.US,121.49,125.13,121.27,124.23,113493157
2021-03-03,GOOGL,2011.41,2075.99,1994.0,2051.95,1694645
2021-03-03,FB,255.41,260.9899,255.1,260.29,15513515
2021-03-03,PFE,33.454,33.514,32.531,32.599,47306173
2021-03-03,BNTX,97.25,105.0,97.25,104.83,2142807
2021-03-03,MRNA,131.22,147.32,131.0,146.09,13683455
2021-03-03,AMZN,3005.0,3107.775,2995.0,3081.18,3988725
2021-03-02,AAPL.US,124.54,128.12,124.43,127.81,102737838
2021-03-02,GOOGL,2064.48,2094.74,2056.67,2064.84,1278184
2021-03-02,FB,259.0,266.71,258.65,265.78,15191722
2021-03-02,PFE,32.599,32.969,32.589,32.764,28443626
2021-03-02,BNTX,104.98,109.86,104.24,109.86,1093391
2021-03-02,MRNA,146.81,154.4713,146.44,153.5,8630604
2021-03-02,AMZN,3094.53,3163.52,3087.1201,3143.47,2595762
2021-03-01,AAPL.US,127.19,127.33,122.22,123.18,116850293
2021-03-01,GOOGL,2069.66,2076.23,2034.42,2048.0,1303089
2021-03-01,FB,264.91,266.65,257.9039,260.82,22157255
2021-03-01,PFE,32.774,33.007,32.599,32.676,31257501
2021-03-01,BNTX,110.21,111.45,108.06,110.0,885683
2021-03-01,MRNA,157.4,157.7799,145.2501,154.4631,15351555
2021-03-01,AMZN,3146.14,3149.56,3097.99,3127.89,2733963
2021-02-26,AAPL.US,120.69,124.27,120.63,122.02,165327820
2021-02-26,GOOGL,2021.91,2056.52,2001.01,2029.95,2002064
2021-02-26,FB,257.62,265.55,256.47,256.47,26619517
2021-02-26,PFE,32.579,32.979,32.452,32.92,42621405
2021-02-26,BNTX,109.03,114.98,109.03,113.9,1028633
2021-02-26,MRNA,154.81,159.6,150.88,157.98,13445239
2021-02-26,AMZN,3092.93,3122.44,3036.7,3095.2,4275930
2021-02-25,AAPL.US,120.42,125.87,119.98,124.1,148890667
2021-02-25,GOOGL,2015.95,2083.0,2006.49,2055.93,2077409
2021-02-25,FB,254.69,266.94,254.04,262.3,19053142
2021-02-25,PFE,32.9,33.183,32.629,32.9,38554175
2021-02-25,BNTX,112.33,117.35,111.18,114.87,1129800
2021-02-25,MRNA,148.38,160.98,145.86,150.78,15172131
2021-02-25,AMZN,3057.16,3178.26,3047.76,3136.74,4533801
2021-02-24,AAPL.US,124.77,124.98,121.66,124.36,111557738
2021-02-24,GOOGL,2083.81,2088.32,2027.53,2030.04,1130437
2021-02-24,FB,264.31,266.38,258.39,262.325,15736123
2021-02-24,PFE,32.833,33.124,32.754,32.95,31543630
2021-02-24,BNTX,114.17,114.58,109.2295,110.51,1405088
2021-02-24,MRNA,144.79,151.0,143.47,150.41,9757204
2021-02-24,AMZN,3159.53,3171.23,3125.38,3166.75,3011275
2021-02-23,AAPL.US,125.28,126.13,117.84,123.19,159011126
2021-02-23,GOOGL,2060.12,2072.5,1990.23,2013.99,1732899
2021-02-23,FB,265.855,267.46,254.96,259.5,21924557
2021-02-23,PFE,32.988,33.26,32.764,33.076,38675559
2021-02-23,BNTX,111.97,112.2271,106.45,110.7745,2087652
2021-02-23,MRNA,150.17,151.99,136.0092,151.25,15496680
2021-02-23,AMZN,3194.5,3204.73,3093.6,3131.02,4667401
2021-02-22,AAPL.US,125.42,129.12,125.02,127.41,104401032
2021-02-22,GOOGL,2054.26,2080.33,2048.0,2053.6,1473317
2021-02-22,FB,260.33,263.07,257.53,257.95,17434873
2021-02-22,PFE,33.328,33.436,33.114,33.397,35281611
2021-02-22,BNTX,114.6,119.8,114.03,117.45,1578036
2021-02-22,MRNA,159.37,170.35,158.58,167.8,11152702
2021-02-22,AMZN,3180.74,3232.3199,3172.26,3208.13,3515679
2021-02-19,AAPL.US,129.27,130.1,128.2,129.64,88077676
2021-02-19,GOOGL,2088.81,2118.58,2083.43,2107.79,1896939
2021-02-19,FB,261.56,270.27,260.15,269.86,25622587
2021-02-19,PFE,33.504,33.738,33.464,33.718,28931767
2021-02-19,BNTX,115.69,116.88,113.02,113.1,1381528
2021-02-19,MRNA,174.74,179.3,170.53,173.54,6413592
2021-02-19,AMZN,3249.9,3333.5,3245.75,3328.23,4305184
2021-02-18,AAPL.US,129.11,129.39,126.81,128.6,97308438
2021-02-18,GOOGL,2105.81,2121.99,2093.33,2105.0,1128549
2021-02-18,FB,269.39,271.95,266.03,269.565,15249134
2021-02-18,PFE,33.621,33.928,33.581,33.835,24724654
2021-02-18,BNTX,112.65,113.6099,107.36,108.0,1604966
2021-02-18,MRNA,169.57,175.47,168.0,171.5929,5124102
2021-02-18,AMZN,3328.23,3338.0,3273.94,3282.42,3033607
2021-02-17,AAPL.US,130.23,131.61,128.87,130.64,98542669
2021-02-17,GOOGL,2118.62,2122.4434,2088.35,2093.98,1015177
2021-02-17,FB,273.57,273.97,269.58,271.24,12763240
2021-02-17,PFE,33.942,34.046,33.524,33.631,27241639
2021-02-17,BNTX,113.56,113.99,108.1201,113.11,1331911
2021-02-17,MRNA,176.76,178.01,171.62,174.28,6554586
2021-02-17,AMZN,3308.64,3320.91,3259.4996,3263.6,3302099
2021-02-16,AAPL.US,132.57,135.38,132.17,134.86,80952083
2021-02-16,GOOGL,2110.7,2145.14,2091.75,2091.75,1550195
2021-02-16,FB,273.97,276.6,270.05,270.8,15417243
2021-02-16,PFE,33.748,33.912,33.621,33.902,29533195
2021-02-16,BNTX,114.38,117.82,112.55,117.0,1517456
2021-02-16,MRNA,178.53,184.18,173.5088,182.41,6917541
2021-02-16,AMZN,3268.95,3308.3,3253.591,3254.05,2574721
2021-02-12,AAPL.US,134.74,134.9,133.08,133.72,60425616
2021-02-12,GOOGL,2095.03,2099.5,2073.57,2079.77,949525
2021-02-12,FB,270.5,271.18,268.34,270.52,9097597
2021-02-12,PFE,33.776,34.0,33.427,33.504,26293428
2021-02-12,BNTX,117.56,118.8,115.85,118.49,1028583
2021-02-12,MRNA,183.74,185.0,177.58,184.89,5705535
2021-02-12,AMZN,3277.71,3280.25,3233.31,3250.0,2335339
2021-02-11,AAPL.US,134.5,135.76,133.15,135.27,64579799
2021-02-11,GOOGL,2088.75,2094.0,2068.86,2091.0,1024029
2021-02-11,FB,270.39,273.58,268.49,271.89,12828572
2021-02-11,PFE,33.494,33.864,33.348,33.854,31748234
2021-02-11,BNTX,118.03,119.93,115.42,119.0,1352840
2021-02-11,MRNA,183.44,184.22,176.2,178.29,5464092
2021-02-11,AMZN,3262.13,3292.0,3248.06,3292.0,2301417
2021-02-10,AAPL.US,134.76,136.36,133.77,135.85,73387214
2021-02-10,GOOGL,2086.48,2098.88,2052.24,2083.14,1255080
2021-02-10,FB,271.87,273.7999,267.72,272.4465,14687152
2021-02-10,PFE,33.795,34.126,33.757,34.048,29851359
2021-02-10,BNTX,119.35,120.33,117.1,119.055,1397490
2021-02-10,MRNA,179.34,185.22,176.37,182.74,7067541
2021-02-10,AMZN,3286.58,3317.9548,3254.0,3314.0,3151550
2021-02-09,AAPL.US,135.38,137.23,135.22,135.99,77132249
2021-02-09,GOOGL,2075.39,2098.51,2070.0,2074.8,1094583
2021-02-09,FB,269.45,273.39,265.75,266.44,14613375
2021-02-09,PFE,34.019,34.107,33.815,33.854,31013266
2021-02-09,BNTX,117.53,119.98,117.12,119.97,1099234
2021-02-09,MRNA,179.52,187.0,177.27,186.21,8403123
2021-02-09,AMZN,3305.0,3338.0,3297.84,3312.49,2203526
2021-02-08,AAPL.US,136.28,136.33,134.29,135.4,71629708
2021-02-08,GOOGL,2084.52,2115.0,2063.35,2100.0,1441443
2021-02-08,FB,266.58,269.86,265.0,268.75,13755191
2021-02-08,PFE,33.874,34.062,33.795,34.009,32517892
2021-02-08,BNTX,119.5,120.99,117.6,117.61,1924550
2021-02-08,MRNA,185.98,189.26,176.81,177.0,12940157
2021-02-08,AMZN,3322.94,3364.9999,3304.0,3358.5,3257391
2021-02-05,AAPL.US,136.13,136.78,135.23,136.71,76046827
2021-02-05,GOOGL,2088.83,2095.94,2050.0,2059.56,1493256
2021-02-05,FB,268.1,269.17,265.67,266.8,12454367
2021-02-05,PFE,33.971,34.126,33.835,33.971,32636819
2021-02-05,BNTX,117.57,119.21,116.56,117.43,876822
2021-02-05,MRNA,176.24,177.5,170.26,170.99,8990045
2021-02-05,AMZN,3352.15,3377.0,3302.71,3319.0,3620808
2021-02-04,AAPL.US,136.55,136.56,133.76,135.47,84702032
2021-02-04,GOOGL,2053.63,2069.3,2035.1,2060.6156,2429780
2021-02-04,FB,266.49,268.16,264.0,267.01,16059958
2021-02-04,PFE,33.942,34.126,33.757,33.864,35242977
2021-02-04,BNTX,117.56,120.0889,116.99,117.9,1445719
2021-02-04,MRNA,173.31,173.73,164.25,166.42,10618280
2021-02-04,AMZN,3331.0,3347.0,3277.75,3330.0,3670661
2021-02-03,AAPL.US,133.12,134.94,132.79,134.93,90435035
2021-02-03,GOOGL,2058.88,2106.6234,2013.55,2065.61,4894082
2021-02-03,FB,266.65,269.2,263.84,265.62,14223377
2021-02-03,PFE,33.892,34.33,33.835,34.039,39600771
2021-02-03,BNTX,118.02,119.25,113.71,114.21,2426852
2021-02-03,MRNA,165.86,168.39,156.4,156.6,11355915
2021-02-03,AMZN,3312.53,3434.0,3308.62,3425.01,7088781
2021-02-02,AAPL.US,134.16,135.48,133.78,134.9,83818927
2021-02-02,GOOGL,1919.12,1949.37,1906.37,1913.13,3316620
2021-02-02,FB,267.08,268.85,263.27,264.0,17320788
2021-02-02,PFE,34.039,34.807,33.338,34.788,86411522
2021-02-02,BNTX,114.76,115.88,110.56,115.0,1906653
2021-02-02,MRNA,158.58,159.054,147.1,158.52,14923862
2021-02-02,AMZN,3380.0,3427.74,3361.125,3380.0,7098637
2021-02-01,AAPL.US,133.32,134.55,130.12,132.93,106894769
2021-02-01,GOOGL,1893.07,1915.54,1844.585,1844.585,2012603
2021-02-01,FB,262.01,264.17,254.91,259.52,22914255
2021-02-01,PFE,34.827,35.206,34.749,34.953,41524645
2021-02-01,BNTX,116.1,119.54,113.49,117.85,2898205
2021-02-01,MRNA,157.48,174.5,154.3,173.03,22056533
2021-02-01,AMZN,3342.88,3350.26,3235.025,3242.36,4160212
2021-01-29,AAPL.US,131.15,135.91,129.42,135.0,178618209
2021-01-29,GOOGL,1827.36,1847.535,1801.5601,1834.02,2226509
2021-01-29,FB,258.33,266.56,254.85,265.3,30389499
2021-01-29,PFE,34.924,35.877,34.651,35.877,61935565
2021-01-29,BNTX,116.94,118.17,111.4,114.94,6622802
2021-01-29,MRNA,173.16,185.98,166.2001,174.99,39687298
2021-01-29,AMZN,3206.2,3236.99,3184.55,3230.0,4293556
2021-01-28,AAPL.US,136.26,141.12,135.87,138.66,143500357
2021-01-28,GOOGL,1853.2,1887.99,1831.0,1831.0,2763905
2021-01-28,FB,265.0,286.79,264.7,277.18,37758844
2021-01-28,PFE,34.885,35.343,34.865,34.972,40569586
2021-01-28,BNTX,110.0,111.24,106.6,107.6618,2296551
2021-01-28,MRNA,159.55,168.0,153.62,154.105,16497369
2021-01-28,AMZN,3237.62,3301.68,3228.69,3235.04,3149228
2021-01-27,AAPL.US,141.19,143.41,139.55,142.56,141712032
2021-01-27,GOOGL,1818.94,1880.47,1797.28,1874.91,4125631
2021-01-27,FB,272.14,283.45,268.1201,282.53,35346194
2021-01-27,PFE,34.875,35.644,34.808,35.598,52539493
2021-01-27,BNTX,105.97,110.8639,103.02,105.15,2139611
2021-01-27,MRNA,155.73,164.55,149.0,151.2,20262915
2021-01-27,AMZN,3232.58,3346.52,3207.08,3341.49,4660158
2021-01-26,AAPL.US,142.29,143.41,140.5,142.73,98997112
2021-01-26,GOOGL,1907.95,1915.75,1876.13,1885.99,1573078
2021-01-26,FB,282.05,285.39,277.81,278.1398,19373636
2021-01-26,PFE,35.905,36.183,35.76,35.866,28803249
2021-01-26,BNTX,106.29,112.8316,105.49,110.28,3863894
2021-01-26,MRNA,151.93,154.55,145.0,145.15,16964726
2021-01-26,AMZN,3326.13,3338.0,3282.87,3296.3559,2955235
2021-01-25,AAPL.US,142.05,144.19,135.71,142.2,158583356
2021-01-25,GOOGL,1894.28,1921.82,1859.16,1912.74,2529346
2021-01-25,FB,278.01,280.1,271.51,278.14,19086990
2021-01-25,PFE,35.876,35.886,34.952,35.174,32969898
2021-01-25,BNTX,110.61,110.98,105.14,108.0,2882590
2021-01-25,MRNA,147.0,147.4299,137.25,138.4,26970870
2021-01-25,AMZN,3294.0,3363.89,3243.1463,3328.5,3749758
2021-01-22,AAPL.US,138.21,138.99,134.19,135.45,115164977
2021-01-22,GOOGL,1892.56,1904.39,1876.495,1891.46,1637195
2021-01-22,FB,274.5,278.47,272.0,272.01,21954042
2021-01-22,PFE,35.174,35.444,34.885,34.952,27299078
2021-01-22,BNTX,108.44,108.48,104.315,104.5,1696295
2021-01-22,MRNA,131.02,135.87,128.9,132.5,10067191
2021-01-22,AMZN,3292.23,3321.91,3283.1644,3304.31,2821914
2021-01-21,AAPL.US,136.04,138.81,132.77,132.98,121272583
2021-01-21,GOOGL,1884.15,1932.08,1879.41,1893.65,2932973
2021-01-21,FB,272.87,273.6,267.4901,269.26,20838687
2021-01-21,PFE,35.106,35.212,34.789,35.02,35189110
2021-01-21,BNTX,105.43,107.3,103.2,104.0,2256344
2021-01-21,MRNA,132.98,137.0,125.25,125.28,20880838
2021-01-21,AMZN,3306.99,3348.55,3289.5675,3293.0,4945051
2021-01-20,AAPL.US,131.22,131.68,127.76,127.87,104962597
2021-01-20,GOOGL,1880.07,1899.7234,1819.51,1826.37,3207570
2021-01-20,FB,267.48,270.32,263.6,268.93,25199919
2021-01-20,PFE,35.126,35.424,35.087,35.405,36785159
2021-01-20,BNTX,103.23,105.5,102.33,104.41,1615666
2021-01-20,MRNA,125.14,126.0101,122.25,124.51,8001568
2021-01-20,AMZN,3263.38,3279.8,3175.0,3181.99,5309835
2021-01-19,AAPL.US,127.04,127.92,126.17,126.99,91316830
2021-01-19,GOOGL,1784.47,1803.84,1732.83,1743.0,2082951
2021-01-19,FB,261.1,262.2,252.7201,256.9,28028546
2021-01-19,PFE,35.347,35.607,35.242,35.375,34760127
2021-01-19,BNTX,104.7,105.44,100.2,101.26,2018242
2021-01-19,MRNA,125.01,126.36,120.5,122.1,16528897
2021-01-19,AMZN,3120.76,3145.0,3096.0,3107.0,3305142
2021-01-15,AAPL.US,126.36,129.43,126.22,127.99,112286512
2021-01-15,GOOGL,1727.62,1747.62,1711.71,1729.02,1572214
2021-01-15,FB,251.36,253.86,247.16,247.9,24942930
2021-01-15,PFE,35.318,35.395,35.03,35.298,35629400
2021-01-15,BNTX,101.59,104.99,97.25,104.25,3151568
2021-01-15,MRNA,129.65,133.29,126.58,129.6,15769535
2021-01-15,AMZN,3104.25,3142.545,3095.17,3123.02,4243995
2021-01-14,AAPL.US,128.12,130.19,127.97,129.99,90777953
2021-01-14,GOOGL,1730.92,1767.5499,1726.07,1748.87,1460617
2021-01-14,FB,245.64,255.03,244.61,253.4,29739404
2021-01-14,PFE,35.367,35.568,35.232,35.395,31456448
2021-01-14,BNTX,105.85,106.5,102.26,102.79,1910243
2021-01-14,MRNA,129.72,130.98,122.8,122.8,13346728
2021-01-14,AMZN,3127.47,3177.9999,3120.59,3167.52,3070919
2021-01-13,AAPL.US,130.08,130.64,127.7,127.97,89183259
2021-01-13,GOOGL,1747.25,1756.39,1727.32,1727.32,1171590
2021-01-13,FB,251.64,253.95,249.2,251.55,19528938
2021-01-13,PFE,35.472,35.77,35.26,35.607,32241900
2021-01-13,BNTX,102.61,106.0,102.04,103.48,1816018
2021-01-13,MRNA,124.06,127.58,120.74,123.7,14324644
2021-01-13,AMZN,3165.89,3189.95,3122.08,3128.44,3321244
2021-01-12,AAPL.US,128.01,128.9,126.09,127.71,92518005
2021-01-12,GOOGL,1737.43,1767.9,1716.375,1745.36,1476715
2021-01-12,FB,251.09,259.72,250.3,256.63,26449943
2021-01-12,PFE,35.78,36.363,35.434,36.281,49702570
2021-01-12,BNTX,105.45,107.6779,101.01,104.97,3560296
2021-01-12,MRNA,124.55,124.91,117.12,117.93,15300721
2021-01-12,AMZN,3120.83,3142.1418,3086.0,3120.0,3514582
2021-01-11,AAPL.US,128.19,129.38,127.71,128.4,101241187
2021-01-11,GOOGL,1756.29,1784.38,1752.14,1777.02,1740618
2021-01-11,FB,256.84,263.47,255.9,260.48,30412286
2021-01-11,PFE,36.348,36.405,35.745,35.819,49178340
2021-01-11,BNTX,108.9,109.4,102.1,102.84,4772780
2021-01-11,MRNA,117.26,121.24,112.62,112.75,16650648
2021-01-11,AMZN,3114.21,3156.3841,3110.0,3148.01,3669095
2021-01-08,AAPL.US,131.24,131.82,129.44,131.62,105806524
2021-01-08,GOOGL,1797.83,1799.355,1761.22,1777.16,1774226
2021-01-08,FB,267.57,268.95,263.18,268.31,18528251
2021-01-08,PFE,35.732,36.112,35.511,35.76,34771657
2021-01-08,BNTX,100.39,101.2,97.0,98.1,3988408
2021-01-08,MRNA,112.75,117.71,111.49,116.52,12376939
2021-01-08,AMZN,3182.7,3190.64,3142.2,3180.0,3537744
2021-01-07,AAPL.US,130.11,130.82,127.07,127.57,110253683
2021-01-07,GOOGL,1774.34,1777.82,1726.76,1726.76,2096829
2021-01-07,FB,268.74,271.61,264.78,265.9,15789756
2021-01-07,PFE,35.664,35.75,35.289,35.644,28897586
2021-01-07,BNTX,93.69,94.79,91.01,94.0,2980474
2021-01-07,MRNA,115.09,122.82,112.13,120.1,20614071
2021-01-07,AMZN,3162.16,3208.542,3155.0,3157.0,3514545
2021-01-06,AAPL.US,125.83,130.24,125.61,126.93,156044055
2021-01-06,GOOGL,1722.88,1743.965,1696.1014,1700.255,2329401
2021-01-06,FB,263.31,267.75,260.01,262.0,24354149
2021-01-06,PFE,35.482,36.068,35.385,35.444,36330491
2021-01-06,BNTX,91.16,91.49,86.25,86.755,3070823
2021-01-06,MRNA,116.26,116.93,110.28,111.11,21590934
2021-01-06,AMZN,3138.38,3197.509,3131.16,3146.48,4394815
2021-01-05,AAPL.US,130.2,130.93,127.64,128.1,98266981
2021-01-05,GOOGL,1740.05,1746.83,1716.9,1725.09,1017962
2021-01-05,FB,270.97,272.4,268.2111,268.29,9871557
2021-01-05,PFE,35.79,35.962,35.222,35.338,31079649
2021-01-05,BNTX,86.78,88.98,84.89,87.95,1970862
2021-01-05,MRNA,109.18,114.98,107.2,113.82,15450804
2021-01-05,AMZN,3218.51,3223.38,3165.06,3166.01,2655548
2021-01-04,AAPL.US,128.62,132.79,125.99,132.7,144185313
2021-01-04,GOOGL,1726.13,1762.4899,1707.14,1760.0,1866195
2021-01-04,FB,268.94,275.0,265.2,274.78,15106113
2021-01-04,PFE,35.424,35.548,34.905,35.482,34879012
2021-01-04,BNTX,85.73,88.1299,83.0,85.451,3137997
2021-01-04,MRNA,111.73,113.63,103.26,107.23,22439554
2021-01-04,AMZN,3186.63,3272.0,3144.02,3270.0,4411449
